timestamp,cycle,dataset_size,distribution,model,params,build_ms,lookup_ns,accuracy,error_bound,mean_prediction_error,fallback_rate,false_neg,not_found,local_avg_ns,fallback_avg_ns,local_calls,fallback_calls,fit_ms,memory_mb
2025-11-23T17:17:27.148896,3,10000,seq,btree,order=32,0.757400004658848,2558.7999989511445,,,,,,,,,,,,0.1273956298828125
2025-11-23T17:17:27.148896,3,10000,seq,btree,order=64,0.5151000004843809,2941.2000003503636,,,,,,,,,,,,0.1011505126953125
2025-11-23T17:17:27.148896,3,10000,seq,btree,order=128,0.36469999758992344,3295.8000083453953,,,,,,,,,,,,0.0884857177734375
2025-11-23T17:17:27.148896,3,10000,seq,btree,order=256,0.33149999944726005,2348.5999990953133,,,,,,,,,,,,0.0825347900390625
2025-11-23T17:17:27.148896,3,10000,seq,linear_fixed,window=64,0.32530000316910446,6516.800000099465,0.5,64,,0.5,0,260,1191.3461538461538,1073.076923076923,520,260,0.3091000035055913,0.00023651123046875
2025-11-23T17:17:27.148896,3,10000,seq,linear_fixed,window=128,0.29630000062752515,6355.199991958216,0.5,128,,0.5,0,260,1126.1538461538462,1030.7692307692307,520,260,0.26980000257026404,0.00023651123046875
2025-11-23T17:17:27.148896,3,10000,seq,linear_fixed,window=256,0.28610000299522653,6295.99999228958,0.5,256,,0.5,0,260,1113.2692307692307,1025.3846153846155,520,260,0.2673999988473952,0.00023651123046875
2025-11-23T17:17:27.148896,3,10000,seq,linear_fixed,window=512,0.27769999724114314,6373.199998051859,0.5,512,,0.5,0,260,1138.8461538461538,1013.4615384615385,520,260,0.25720000121509656,0.00023651123046875
2025-11-23T17:17:27.148896,3,10000,seq,linear_fixed,window=1024,0.25770000502234325,6318.600004306063,0.5,1024,,0.5,0,260,1129.0384615384614,1006.5384615384615,520,260,0.24119999579852447,0.00023651123046875
2025-11-23T17:17:27.148896,3,10000,seq,pgm,eps=64,2.031099997111596,1405.9999957680702,0.5,64,,0.5,0,260,,,,,,0.07659912109375
2025-11-23T17:17:27.148896,3,10000,seq,pgm,eps=128,1.9901999985449947,1407.9999964451417,0.5,128,,0.5,0,260,,,,,,0.07659912109375
2025-11-23T17:17:27.148896,3,10000,seq,pgm,eps=256,2.0557000025291927,1488.5999989928678,0.5,256,,0.5,0,260,,,,,,0.07659912109375
2025-11-23T17:17:27.148896,3,10000,seq,linear_adaptive,"quantile=0.99,minW=8",0.45959999988554046,6391.9999956851825,0.5,8,,0.5,0,260,1138.076923076923,1040.0,520,260,0.2502000061213039,0.00023651123046875
2025-11-23T17:17:27.148896,3,10000,seq,linear_adaptive,"quantile=0.99,minW=16",0.4310000003897585,6335.600002785213,0.5,16,,0.5,0,260,1128.8461538461538,1027.3076923076924,520,260,0.2803999959724024,0.00023651123046875
2025-11-23T17:17:27.148896,3,10000,seq,linear_adaptive,"quantile=0.99,minW=32",0.40579999767942354,6339.800005662255,0.5,32,,0.5,0,260,1116.3461538461538,1015.7692307692307,520,260,0.2629000009619631,0.00023651123046875
2025-11-23T17:17:27.148896,3,10000,seq,linear_adaptive,"quantile=0.995,minW=8",0.3918000002158806,6313.599995337427,0.5,8,,0.5,0,260,1122.3076923076924,1006.5384615384615,520,260,0.25260000256821513,0.00023651123046875
2025-11-23T17:17:27.148896,3,10000,seq,linear_adaptive,"quantile=0.995,minW=16",0.4087999986950308,6307.9999963520095,0.5,16,,0.5,0,260,1125.7692307692307,1019.2307692307693,520,260,0.26760000037029386,0.00023651123046875
2025-11-23T17:17:27.148896,3,10000,seq,linear_adaptive,"quantile=0.995,minW=32",0.4043000008095987,6335.400001262315,0.5,32,,0.5,0,260,1121.923076923077,1023.8461538461538,520,260,0.2668000015546568,0.00023651123046875
2025-11-23T17:17:27.148896,3,10000,seq,linear_adaptive,"quantile=0.999,minW=8",0.393000002077315,6324.99999483116,0.5,8,,0.5,0,260,1108.076923076923,1011.5384615384615,520,260,0.26000000070780516,0.00023651123046875
2025-11-23T17:17:27.148896,3,10000,seq,linear_adaptive,"quantile=0.999,minW=16",0.40100000478560105,6763.999990653247,0.5,16,,0.5,0,260,1128.4615384615386,1071.5384615384614,520,260,0.2640000020619482,0.00023651123046875
2025-11-23T17:17:27.148896,3,10000,seq,linear_adaptive,"quantile=0.999,minW=32",0.43399999412940815,6540.999995195307,0.5,32,,0.5,0,260,1138.2692307692307,1094.6153846153845,520,260,0.2544999952078797,0.00023651123046875
2025-11-23T17:17:27.148896,3,10000,seq,kraska_single,type=linear,24.982399998407345,4184.600009466521,0.5,1,0.8464,,,,,,,,,1.52587890625e-05
2025-11-23T17:17:27.148896,3,10000,seq,kraska_single,type=polynomial,57.63170000136597,7559.000005130656,0.5,1,0.9999,,,,,,,,,2.288818359375e-05
2025-11-23T17:17:27.148896,3,10000,seq,kraska_rmi,"stages=[1,10]",63.28410000423901,7912.800007034093,0.5,0,0.0,,,,,,,,,0.000335693359375
2025-11-23T17:17:27.148896,3,10000,seq,kraska_rmi,"stages=[1,100]",64.64940000296338,7894.1999963717535,0.5,0,0.0,,,,,,,,,0.003082275390625
2025-11-23T17:17:27.148896,3,10000,seq,kraska_rmi,"stages=[1,1000]",80.2137999999104,7978.599998750724,0.5,0,0.0,,,,,,,,,0.030548095703125
2025-11-23T17:17:27.536846,3,10000,uniform,btree,order=32,0.6473000030382536,2535.7999984407797,,,,,,,,,,,,0.1273956298828125
2025-11-23T17:17:27.536846,3,10000,uniform,btree,order=64,0.44489999709185213,2915.5999945942312,,,,,,,,,,,,0.1011505126953125
2025-11-23T17:17:27.536846,3,10000,uniform,btree,order=128,0.4054000019095838,3420.399996684864,,,,,,,,,,,,0.0884857177734375
2025-11-23T17:17:27.536846,3,10000,uniform,btree,order=256,0.3780000042752363,2323.599997907877,,,,,,,,,,,,0.0825347900390625
2025-11-23T17:17:27.536846,3,10000,uniform,linear_fixed,window=64,0.44640000123763457,6325.200010905974,0.5,64,,0.5,0,260,1161.923076923077,1071.923076923077,520,260,0.4317999992053956,0.00023651123046875
2025-11-23T17:17:27.536846,3,10000,uniform,linear_fixed,window=128,0.3056999994441867,6317.400009720586,0.5,128,,0.5,0,260,1159.423076923077,1030.3846153846155,520,260,0.28419999580364674,0.00023651123046875
2025-11-23T17:17:27.536846,3,10000,uniform,linear_fixed,window=256,0.2719000040087849,6314.599988400005,0.5,256,,0.5,0,260,1160.9615384615386,1033.8461538461538,520,260,0.25319999986095354,0.00023651123046875
2025-11-23T17:17:27.536846,3,10000,uniform,linear_fixed,window=512,0.2877000006265007,6325.599999399856,0.5,512,,0.5,0,260,1156.5384615384614,1034.6153846153845,520,260,0.26900000375462696,0.00023651123046875
2025-11-23T17:17:27.536846,3,10000,uniform,linear_fixed,window=1024,0.2601999949547462,6308.000010903925,0.5,1024,,0.5,0,260,1161.7307692307693,1015.0,520,260,0.2410000015515834,0.00023651123046875
2025-11-23T17:17:27.536846,3,10000,uniform,pgm,eps=64,3.367899997101631,2211.2000006018206,0.5,64,,0.9961538461538462,258,260,,,,,,0.0794677734375
2025-11-23T17:17:27.536846,3,10000,uniform,pgm,eps=128,2.708500003791414,2033.6000015959144,0.5,128,,0.9942307692307693,257,260,,,,,,0.07879638671875
2025-11-23T17:17:27.536846,3,10000,uniform,pgm,eps=256,2.3321999979089014,1673.200007644482,0.5,256,,0.9865384615384616,253,260,,,,,,0.07733154296875
2025-11-23T17:17:27.536846,3,10000,uniform,linear_adaptive,"quantile=0.99,minW=8",0.4902000000583939,6390.800001099706,0.4980769230769231,41,,0.5019230769230769,1,260,1158.8461538461538,1042.9118773946361,520,261,0.2871000033337623,0.00023651123046875
2025-11-23T17:17:27.536846,3,10000,uniform,linear_adaptive,"quantile=0.99,minW=16",0.3971999976783991,6290.999997872859,0.4980769230769231,41,,0.5019230769230769,1,260,1140.9615384615386,1039.0804597701149,520,261,0.24159999884432182,0.00023651123046875
2025-11-23T17:17:27.536846,3,10000,uniform,linear_adaptive,"quantile=0.99,minW=32",0.4192000051261857,6328.000003122725,0.4980769230769231,41,,0.5019230769230769,1,260,1149.0384615384614,1020.3065134099617,520,261,0.2688000022317283,0.00023651123046875
2025-11-23T17:17:27.536846,3,10000,uniform,linear_adaptive,"quantile=0.995,minW=8",0.40830000216374174,6322.599991108291,0.5,43,,0.5,0,260,1149.0384615384614,1023.8461538461538,520,260,0.2632000032463111,0.00023651123046875
2025-11-23T17:17:27.536846,3,10000,uniform,linear_adaptive,"quantile=0.995,minW=16",0.39280000055441633,6362.600004649721,0.5,43,,0.5,0,260,1154.423076923077,1043.8461538461538,520,260,0.2523000002838671,0.00023651123046875
2025-11-23T17:17:27.536846,3,10000,uniform,linear_adaptive,"quantile=0.995,minW=32",0.37260000681271777,6377.400000928901,0.5,43,,0.5,0,260,1180.7692307692307,1053.076923076923,520,260,0.22809999791206792,0.00023651123046875
2025-11-23T17:17:27.536846,3,10000,uniform,linear_adaptive,"quantile=0.999,minW=8",0.46719999954802915,6351.200005155988,0.5,44,,0.5,0,260,1172.8846153846155,1050.3846153846155,520,260,0.2888000017264858,0.00023651123046875
2025-11-23T17:17:27.536846,3,10000,uniform,linear_adaptive,"quantile=0.999,minW=16",0.5082999996375293,6324.400004814379,0.5,44,,0.5,0,260,1142.3076923076924,1021.1538461538462,520,260,0.3219999998691492,0.00023651123046875
2025-11-23T17:17:27.536846,3,10000,uniform,linear_adaptive,"quantile=0.999,minW=32",0.436700000136625,6344.399997033179,0.5,44,,0.5,0,260,1162.3076923076924,1029.6153846153845,520,260,0.2710999979171902,0.00023651123046875
2025-11-23T17:17:27.536846,3,10000,uniform,kraska_single,type=linear,25.061599997570738,4268.799995770678,0.4980769230769231,41,13.7672,,,,,,,,,1.52587890625e-05
2025-11-23T17:17:27.536846,3,10000,uniform,kraska_single,type=polynomial,58.124999995925464,7476.20000038296,0.49423076923076925,37,12.7131,,,,,,,,,2.288818359375e-05
2025-11-23T17:17:27.536846,3,10000,uniform,kraska_rmi,"stages=[1,10]",67.62329999764916,7924.999998067506,0.49615384615384617,84,33.6613,,,,,,,,,0.000335693359375
2025-11-23T17:17:27.536846,3,10000,uniform,kraska_rmi,"stages=[1,100]",65.01130000106059,8040.400003665127,0.49423076923076925,583,292.707,,,,,,,,,0.003082275390625
2025-11-23T17:17:27.536846,3,10000,uniform,kraska_rmi,"stages=[1,1000]",79.13630000257399,8029.399992665276,0.49230769230769234,2834,1444.5986,,,,,,,,,0.030548095703125
2025-11-23T17:17:27.934662,3,10000,mixed,btree,order=32,0.6624999950872734,2717.1999972779304,,,,,,,,,,,,0.1273956298828125
2025-11-23T17:17:27.934662,3,10000,mixed,btree,order=64,0.5348999984562397,2713.8000004924834,,,,,,,,,,,,0.1011505126953125
2025-11-23T17:17:27.934662,3,10000,mixed,btree,order=128,0.36920000275131315,3262.800004449673,,,,,,,,,,,,0.0884857177734375
2025-11-23T17:17:27.934662,3,10000,mixed,btree,order=256,0.3447999988566153,2348.5999990953133,,,,,,,,,,,,0.0825347900390625
2025-11-23T17:17:27.934662,3,10000,mixed,linear_fixed,window=64,0.27639999461825937,7012.600006419234,0.04038461538461539,64,,0.9596153846153846,241,258,1156.923076923077,1049.0981963927857,520,499,0.262100002146326,0.00023651123046875
2025-11-23T17:17:27.934662,3,10000,mixed,linear_fixed,window=128,0.26450000586919487,6965.199994738214,0.05576923076923077,128,,0.9442307692307692,233,258,1162.1153846153845,1032.1792260692464,520,491,0.24159999884432182,0.00023651123046875
2025-11-23T17:17:27.934662,3,10000,mixed,linear_fixed,window=256,0.24110000231303275,7196.19999290444,0.10384615384615385,256,,0.8961538461538462,208,258,1182.3076923076924,1036.6952789699571,520,466,0.22400000307243317,0.00023651123046875
2025-11-23T17:17:27.934662,3,10000,mixed,linear_fixed,window=512,0.3262999962316826,6809.800004702993,0.20576923076923076,512,,0.7942307692307692,155,258,1169.423076923077,1023.4866828087168,520,413,0.30339999648276716,0.00023651123046875
2025-11-23T17:17:27.934662,3,10000,mixed,linear_fixed,window=1024,0.30839999817544594,6580.799992661923,0.3769230769230769,1024,,0.6230769230769231,66,258,1198.2692307692307,1041.0493827160494,520,324,0.2897000013035722,0.00023651123046875
2025-11-23T17:17:27.934662,3,10000,mixed,pgm,eps=64,2.984900005685631,2213.200001278892,0.5038461538461538,64,,1.0,262,258,,,,,,0.07940673828125
2025-11-23T17:17:27.934662,3,10000,mixed,pgm,eps=128,3.467599999567028,2156.7999938270077,0.5038461538461538,128,,1.0,262,258,,,,,,0.07916259765625
2025-11-23T17:17:27.934662,3,10000,mixed,pgm,eps=256,2.579400003014598,1892.4000032711774,0.5038461538461538,256,,1.0,262,258,,,,,,0.07806396484375
2025-11-23T17:17:27.934662,3,10000,mixed,linear_adaptive,"quantile=0.99,minW=8",0.5327999970177189,6686.3999963970855,0.5038461538461538,1423,,0.49615384615384617,0,258,1305.3846153846155,1053.875968992248,520,258,0.29399999766610563,0.00023651123046875
2025-11-23T17:17:27.934662,3,10000,mixed,linear_adaptive,"quantile=0.99,minW=16",0.46190000284696,6724.19999318663,0.5038461538461538,1423,,0.49615384615384617,0,258,1263.8461538461538,1066.2790697674418,520,258,0.2725000013015233,0.00023651123046875
2025-11-23T17:17:27.934662,3,10000,mixed,linear_adaptive,"quantile=0.99,minW=32",0.48409999726573005,6616.600003326312,0.5038461538461538,1423,,0.49615384615384617,0,258,1272.1153846153845,1052.7131782945737,520,258,0.29910000012023374,0.00023651123046875
2025-11-23T17:17:27.934662,3,10000,mixed,linear_adaptive,"quantile=0.995,minW=8",0.47839999751886353,6553.600003826432,0.5038461538461538,1434,,0.49615384615384617,0,258,1255.7692307692307,1081.0077519379845,520,258,0.30500000138999894,0.00023651123046875
2025-11-23T17:17:27.934662,3,10000,mixed,linear_adaptive,"quantile=0.995,minW=16",0.4606000002240762,6616.200000280514,0.5038461538461538,1434,,0.49615384615384617,0,258,1211.1538461538462,1250.0,520,258,0.30390000029001385,0.00023651123046875
2025-11-23T17:17:27.934662,3,10000,mixed,linear_adaptive,"quantile=0.995,minW=32",0.49810000200523064,6466.000006184913,0.5038461538461538,1434,,0.49615384615384617,0,258,1202.3076923076924,1033.7209302325582,520,258,0.31290000333683565,0.00023651123046875
2025-11-23T17:17:27.934662,3,10000,mixed,linear_adaptive,"quantile=0.999,minW=8",0.39250000554602593,6366.799992974848,0.5038461538461538,1439,,0.49615384615384617,0,258,1190.1923076923076,1021.7054263565891,520,258,0.23879999935161322,0.00023651123046875
2025-11-23T17:17:27.934662,3,10000,mixed,linear_adaptive,"quantile=0.999,minW=16",0.3828999979305081,6456.200004322454,0.5038461538461538,1439,,0.49615384615384617,0,258,1194.423076923077,1029.0697674418604,520,258,0.23439999495167285,0.00023651123046875
2025-11-23T17:17:27.934662,3,10000,mixed,linear_adaptive,"quantile=0.999,minW=32",0.43649999861372635,6544.20000500977,0.5038461538461538,1439,,0.49615384615384617,0,258,1222.5,1243.7984496124031,520,258,0.2911000046879053,0.00023651123046875
2025-11-23T17:17:27.934662,3,10000,mixed,kraska_single,type=linear,24.989499994262587,4258.000000845641,0.5038461538461538,1423,684.2238,,,,,,,,,1.52587890625e-05
2025-11-23T17:17:27.934662,3,10000,mixed,kraska_single,type=polynomial,58.698100001493,7525.799999712035,0.5038461538461538,1424,684.2042,,,,,,,,,2.288818359375e-05
2025-11-23T17:17:27.934662,3,10000,mixed,kraska_rmi,"stages=[1,10]",64.84859999909531,8191.400003852323,0.4980769230769231,5993,2995.2454,,,,,,,,,0.000335693359375
2025-11-23T17:17:27.934662,3,10000,mixed,kraska_rmi,"stages=[1,100]",66.01129999762634,8001.400012290105,0.4980769230769231,6172,3076.826,,,,,,,,,0.003082275390625
2025-11-23T17:17:27.934662,3,10000,mixed,kraska_rmi,"stages=[1,1000]",80.92780000151834,8093.600001302548,0.5,6273,3129.8519,,,,,,,,,0.030548095703125
2025-11-23T17:17:28.396923,3,50000,seq,btree,order=32,3.4161000003223307,3111.9999912334606,,,,,,,,,,,,0.6358184814453125
2025-11-23T17:17:28.396923,3,50000,seq,btree,order=64,2.2291999994195066,3333.000000566244,,,,,,,,,,,,0.5047454833984375
2025-11-23T17:17:28.396923,3,50000,seq,btree,order=128,1.847200001066085,4562.000001897104,,,,,,,,,,,,0.4423370361328125
2025-11-23T17:17:28.396923,3,50000,seq,btree,order=256,1.6470000045956112,6171.200002427213,,,,,,,,,,,,0.4116668701171875
2025-11-23T17:17:28.396923,3,50000,seq,linear_fixed,window=64,1.7285000067204237,6433.599992305972,0.5076923076923077,64,,0.49230769230769234,0,256,1151.1538461538462,1070.703125,520,256,1.5943000034894794,0.00023651123046875
2025-11-23T17:17:28.396923,3,50000,seq,linear_fixed,window=128,1.2072999961674213,6423.600003472529,0.5076923076923077,128,,0.49230769230769234,0,256,1176.7307692307693,1055.859375,520,256,1.1555000019143336,0.00023651123046875
2025-11-23T17:17:28.396923,3,50000,seq,linear_fixed,window=256,1.2709000002359971,6333.600002108142,0.5076923076923077,256,,0.49230769230769234,0,256,1132.6923076923076,1051.5625,520,256,1.2146000008215196,0.00023651123046875
2025-11-23T17:17:28.396923,3,50000,seq,linear_fixed,window=512,1.2607000026036985,6364.200002280995,0.5076923076923077,512,,0.49230769230769234,0,256,1165.3846153846155,1035.546875,520,256,1.211000002513174,0.00023651123046875
2025-11-23T17:17:28.396923,3,50000,seq,linear_fixed,window=1024,1.4099999971222132,6403.599996701814,0.5076923076923077,1024,,0.49230769230769234,0,256,1195.1923076923076,1041.796875,520,256,1.3593000039691105,0.00023651123046875
2025-11-23T17:17:28.396923,3,50000,seq,pgm,eps=64,10.176099996897392,1426.80000863038,0.5076923076923077,64,,0.49230769230769234,0,256,,,,,,0.38177490234375
2025-11-23T17:17:28.396923,3,50000,seq,pgm,eps=128,10.442899998452049,1436.5999959409237,0.5076923076923077,128,,0.49230769230769234,0,256,,,,,,0.38177490234375
2025-11-23T17:17:28.396923,3,50000,seq,pgm,eps=256,10.279300004185643,1531.9999947678298,0.5076923076923077,256,,0.49230769230769234,0,256,,,,,,0.38177490234375
2025-11-23T17:17:28.396923,3,50000,seq,linear_adaptive,"quantile=0.99,minW=8",1.9905000008293428,6403.999999747612,0.5076923076923077,8,,0.49230769230769234,0,256,1146.3461538461538,1064.0625,520,256,1.4584000018658116,0.00023651123046875
2025-11-23T17:17:28.396923,3,50000,seq,linear_adaptive,"quantile=0.99,minW=16",1.7791000063880347,6420.799996703863,0.5076923076923077,16,,0.49230769230769234,0,256,1121.1538461538462,1064.84375,520,256,1.1713999992934987,0.00023651123046875
2025-11-23T17:17:28.396923,3,50000,seq,linear_adaptive,"quantile=0.99,minW=32",2.4272999944514595,6759.399999282323,0.5076923076923077,32,,0.49230769230769234,0,256,1261.5384615384614,1151.953125,520,256,1.614799999515526,0.00023651123046875
2025-11-23T17:17:28.396923,3,50000,seq,linear_adaptive,"quantile=0.995,minW=8",2.7626000010059215,7088.600003044121,0.5076923076923077,8,,0.49230769230769234,0,256,1209.2307692307693,1114.453125,520,256,1.7032000032486394,0.00023651123046875
2025-11-23T17:17:28.396923,3,50000,seq,linear_adaptive,"quantile=0.995,minW=16",2.559200001996942,6775.599991669878,0.5076923076923077,16,,0.49230769230769234,0,256,1193.2692307692307,1112.109375,520,256,1.6954999955487438,0.00023651123046875
2025-11-23T17:17:28.396923,3,50000,seq,linear_adaptive,"quantile=0.995,minW=32",2.588299998024013,6425.400002626702,0.5076923076923077,32,,0.49230769230769234,0,256,1137.5,1044.140625,520,256,1.79980000393698,0.00023651123046875
2025-11-23T17:17:28.396923,3,50000,seq,linear_adaptive,"quantile=0.999,minW=8",1.9960000063292682,6366.400004480965,0.5076923076923077,8,,0.49230769230769234,0,256,1117.6923076923076,1045.703125,520,256,1.3490999990608543,0.00023651123046875
2025-11-23T17:17:28.396923,3,50000,seq,linear_adaptive,"quantile=0.999,minW=16",2.283400004671421,6381.400002283044,0.5076923076923077,16,,0.49230769230769234,0,256,1148.076923076923,1066.796875,520,256,1.5567000009468757,0.00023651123046875
2025-11-23T17:17:28.396923,3,50000,seq,linear_adaptive,"quantile=0.999,minW=32",2.4560000019846484,7612.799992784858,0.5076923076923077,32,,0.49230769230769234,0,256,1288.8461538461538,1065.625,520,256,1.6625999996904284,0.00023651123046875
2025-11-23T17:17:28.396923,3,50000,seq,kraska_single,type=linear,28.61739999934798,4275.20000084769,0.5076923076923077,0,0.0,,,,,,,,,1.52587890625e-05
2025-11-23T17:17:28.396923,3,50000,seq,kraska_single,type=polynomial,59.82489999587415,7428.800003253855,0.5076923076923077,1,0.5173,,,,,,,,,2.288818359375e-05
2025-11-23T17:17:28.396923,3,50000,seq,kraska_rmi,"stages=[1,10]",64.77180000365479,8039.599997573532,0.5076923076923077,1,0.959,,,,,,,,,0.000335693359375
2025-11-23T17:17:28.396923,3,50000,seq,kraska_rmi,"stages=[1,100]",67.43830000050366,7967.800003825687,0.5076923076923077,1,0.9999,,,,,,,,,0.003082275390625
2025-11-23T17:17:28.396923,3,50000,seq,kraska_rmi,"stages=[1,1000]",84.1024000037578,8270.000005722977,0.5076923076923077,1,0.9999,,,,,,,,,0.030548095703125
2025-11-23T17:17:28.853377,3,50000,uniform,btree,order=32,3.239199999370612,3017.8000015439466,,,,,,,,,,,,0.6358184814453125
2025-11-23T17:17:28.853377,3,50000,uniform,btree,order=64,2.51869999920018,3292.1999954851344,,,,,,,,,,,,0.5047454833984375
2025-11-23T17:17:28.853377,3,50000,uniform,btree,order=128,1.8702000015764497,4595.400008838624,,,,,,,,,,,,0.4423370361328125
2025-11-23T17:17:28.853377,3,50000,uniform,btree,order=256,1.6608999940217473,5815.000011352822,,,,,,,,,,,,0.4116668701171875
2025-11-23T17:17:28.853377,3,50000,uniform,linear_fixed,window=64,1.5178000030573457,6806.199991842732,0.36538461538461536,64,,0.6346153846153846,72,258,1218.8461538461538,1090.909090909091,520,330,1.466200003051199,0.00023651123046875
2025-11-23T17:17:28.853377,3,50000,uniform,linear_fixed,window=128,1.308800005062949,6352.800002787262,0.5038461538461538,128,,0.49615384615384617,0,258,1174.423076923077,1055.8139534883721,520,258,1.255499999388121,0.00023651123046875
2025-11-23T17:17:28.853377,3,50000,uniform,linear_fixed,window=256,1.4192000016919337,6323.999987216666,0.5038461538461538,256,,0.49615384615384617,0,258,1162.5,1032.9457364341085,520,258,1.368099998217076,0.00023651123046875
2025-11-23T17:17:28.853377,3,50000,uniform,linear_fixed,window=512,1.7615000033401884,6442.200014134869,0.5038461538461538,512,,0.49615384615384617,0,258,1155.1923076923076,1043.7984496124031,520,258,1.692500001809094,0.00023651123046875
2025-11-23T17:17:28.853377,3,50000,uniform,linear_fixed,window=1024,1.6537000046810135,6312.799989245832,0.5038461538461538,1024,,0.49615384615384617,0,258,1158.6538461538462,1026.3565891472867,520,258,1.5847000031499192,0.00023651123046875
2025-11-23T17:17:28.853377,3,50000,uniform,pgm,eps=64,14.227500003471505,4932.199997710995,0.5038461538461538,64,,1.0,262,258,,,,,,0.39434814453125
2025-11-23T17:17:28.853377,3,50000,uniform,pgm,eps=128,12.415600001986604,3583.1999994115904,0.5038461538461538,128,,1.0,262,258,,,,,,0.38897705078125
2025-11-23T17:17:28.853377,3,50000,uniform,pgm,eps=256,11.241100000916049,2391.800007899292,0.5038461538461538,256,,1.0,262,258,,,,,,0.38531494140625
2025-11-23T17:17:28.853377,3,50000,uniform,linear_adaptive,"quantile=0.99,minW=8",2.3328000024775974,6423.9999919664115,0.4980769230769231,99,,0.5019230769230769,3,258,1213.4615384615386,1065.5172413793102,520,261,1.4341999994940124,0.00023651123046875
2025-11-23T17:17:28.853377,3,50000,uniform,linear_adaptive,"quantile=0.99,minW=16",2.0368000041344203,6390.599999576807,0.4980769230769231,99,,0.5019230769230769,3,258,1159.8076923076924,1052.4904214559388,520,261,1.4822000011918135,0.00023651123046875
2025-11-23T17:17:28.853377,3,50000,uniform,linear_adaptive,"quantile=0.99,minW=32",1.7149999985122122,6422.200007364154,0.4980769230769231,99,,0.5019230769230769,3,258,1191.923076923077,1050.9578544061303,520,261,1.1460000023362227,0.00023651123046875
2025-11-23T17:17:28.853377,3,50000,uniform,linear_adaptive,"quantile=0.995,minW=8",2.6921000026050024,6378.599995514378,0.5019230769230769,104,,0.4980769230769231,1,258,1167.6923076923076,1045.945945945946,520,259,1.7662000027485192,0.00023651123046875
2025-11-23T17:17:28.853377,3,50000,uniform,linear_adaptive,"quantile=0.995,minW=16",2.5338999985251576,6504.000004497357,0.5019230769230769,104,,0.4980769230769231,1,258,1188.076923076923,1047.8764478764479,520,259,1.7447999998694286,0.00023651123046875
2025-11-23T17:17:28.853377,3,50000,uniform,linear_adaptive,"quantile=0.995,minW=32",2.3342999993474223,6372.999996528961,0.5019230769230769,104,,0.4980769230769231,1,258,1157.5,1074.903474903475,520,259,1.5822999994270504,0.00023651123046875
2025-11-23T17:17:28.853377,3,50000,uniform,linear_adaptive,"quantile=0.999,minW=8",2.395099996647332,6385.399989085272,0.5038461538461538,108,,0.49615384615384617,0,258,1166.923076923077,1075.1937984496124,520,258,1.6611999963060953,0.00023651123046875
2025-11-23T17:17:28.853377,3,50000,uniform,linear_adaptive,"quantile=0.999,minW=16",1.9739999988814816,6402.400002116337,0.5038461538461538,108,,0.49615384615384617,0,258,1161.923076923077,1049.2248062015503,520,258,1.3769000070169568,0.00023651123046875
2025-11-23T17:17:28.853377,3,50000,uniform,linear_adaptive,"quantile=0.999,minW=32",2.2737000035704114,6388.199995853938,0.5038461538461538,108,,0.49615384615384617,0,258,1155.0,1051.1627906976744,520,258,1.557100003992673,0.00023651123046875
2025-11-23T17:17:28.853377,3,50000,uniform,kraska_single,type=linear,26.433200000610668,4237.600005581044,0.4980769230769231,99,41.9975,,,,,,,,,1.52587890625e-05
2025-11-23T17:17:28.853377,3,50000,uniform,kraska_single,type=polynomial,59.62809999618912,7506.599999032915,0.4980769230769231,97,32.8414,,,,,,,,,2.288818359375e-05
2025-11-23T17:17:28.853377,3,50000,uniform,kraska_rmi,"stages=[1,10]",65.05040000047302,7936.200010590255,0.49423076923076925,147,57.4271,,,,,,,,,0.000335693359375
2025-11-23T17:17:28.853377,3,50000,uniform,kraska_rmi,"stages=[1,100]",67.19829999929061,8077.399994363077,0.5,3161,1605.8024,,,,,,,,,0.003082275390625
2025-11-23T17:17:28.853377,3,50000,uniform,kraska_rmi,"stages=[1,1000]",81.29249999910826,8000.0000016298145,0.4980769230769231,3306,1678.4258,,,,,,,,,0.030548095703125
2025-11-23T17:17:29.328393,3,50000,mixed,btree,order=32,3.177099999447819,3200.99999953527,,,,,,,,,,,,0.6358184814453125
2025-11-23T17:17:29.328393,3,50000,mixed,btree,order=64,2.2728999974788167,3293.800007668324,,,,,,,,,,,,0.5047454833984375
2025-11-23T17:17:29.328393,3,50000,mixed,btree,order=128,1.8686000039451756,4436.599992914125,,,,,,,,,,,,0.4423370361328125
2025-11-23T17:17:29.328393,3,50000,mixed,btree,order=256,1.7511000041849911,5918.000009842217,,,,,,,,,,,,0.4116668701171875
2025-11-23T17:17:29.328393,3,50000,mixed,linear_fixed,window=64,1.3624999992316589,7190.99999696482,0.007692307692307693,64,,0.9923076923076923,251,265,1160.9615384615386,1068.6046511627908,520,516,1.3021999984630384,0.00023651123046875
2025-11-23T17:17:29.328393,3,50000,mixed,linear_fixed,window=128,1.7222999958903529,7026.799998129718,0.019230769230769232,128,,0.9807692307692307,245,265,1196.3461538461538,1063.7254901960785,520,510,1.6519000055268407,0.00023651123046875
2025-11-23T17:17:29.328393,3,50000,mixed,linear_fixed,window=256,2.2738999978173524,6984.200008446351,0.026923076923076925,256,,0.9730769230769231,241,265,1184.423076923077,1065.4150197628458,520,506,2.1969000008539297,0.00023651123046875
2025-11-23T17:17:29.328393,3,50000,mixed,linear_fixed,window=512,1.5952999965520576,7884.399994509295,0.046153846153846156,512,,0.9538461538461539,231,265,1275.0,1246.3709677419354,520,496,1.523899998574052,0.00023651123046875
2025-11-23T17:17:29.328393,3,50000,mixed,linear_fixed,window=1024,1.4743000065209344,7088.80000456702,0.08269230769230769,1024,,0.9173076923076923,212,265,1188.2692307692307,1075.4716981132076,520,477,1.3879000034648925,0.00023651123046875
2025-11-23T17:17:29.328393,3,50000,mixed,pgm,eps=64,14.951799996197224,5603.600002359599,0.49038461538461536,64,,1.0,255,265,,,,,,0.39678955078125
2025-11-23T17:17:29.328393,3,50000,mixed,pgm,eps=128,12.474000002839603,3719.8000063654035,0.49038461538461536,128,,1.0,255,265,,,,,,0.3890380859375
2025-11-23T17:17:29.328393,3,50000,mixed,pgm,eps=256,11.922799996682443,2899.4000022066757,0.49038461538461536,256,,1.0,255,265,,,,,,0.38653564453125
2025-11-23T17:17:29.328393,3,50000,mixed,linear_adaptive,"quantile=0.99,minW=8",1.9155999980284832,6751.799999619834,0.4846153846153846,7082,,0.5153846153846153,3,265,1304.0384615384614,1071.2686567164178,520,268,1.2382999993860722,0.00023651123046875
2025-11-23T17:17:29.328393,3,50000,mixed,linear_adaptive,"quantile=0.99,minW=16",2.359199999773409,6509.400001959875,0.4846153846153846,7082,,0.5153846153846153,3,265,1241.7307692307693,1039.9253731343283,520,268,1.6348999997717328,0.00023651123046875
2025-11-23T17:17:29.328393,3,50000,mixed,linear_adaptive,"quantile=0.99,minW=32",1.9490999984554946,6441.400008043274,0.4846153846153846,7082,,0.5153846153846153,3,265,1200.1923076923076,1048.8805970149253,520,268,1.3401999967754818,0.00023651123046875
2025-11-23T17:17:29.328393,3,50000,mixed,linear_adaptive,"quantile=0.995,minW=8",2.7340000015101396,6456.799994339235,0.48653846153846153,7097,,0.5134615384615384,2,265,1212.1153846153845,1040.8239700374531,520,267,1.533700000436511,0.00023651123046875
2025-11-23T17:17:29.328393,3,50000,mixed,linear_adaptive,"quantile=0.995,minW=16",2.289500000188127,6403.400009730831,0.48653846153846153,7097,,0.5134615384615384,2,265,1191.7307692307693,1054.681647940075,520,267,1.5360999968834221,0.00023651123046875
2025-11-23T17:17:29.328393,3,50000,mixed,linear_adaptive,"quantile=0.995,minW=32",2.2440000029746443,6620.200001634657,0.48653846153846153,7097,,0.5134615384615384,2,265,1255.0,1049.063670411985,520,267,1.5373000060208142,0.00023651123046875
2025-11-23T17:17:29.328393,3,50000,mixed,linear_adaptive,"quantile=0.999,minW=8",2.4989000012283213,6475.000001955777,0.49038461538461536,7102,,0.5096153846153846,0,265,1228.8461538461538,1050.9433962264152,520,265,1.6553999957977794,0.00023651123046875
2025-11-23T17:17:29.328393,3,50000,mixed,linear_adaptive,"quantile=0.999,minW=16",2.078100005746819,6442.999991122633,0.49038461538461536,7102,,0.5096153846153846,0,265,1206.1538461538462,1030.9433962264152,520,265,1.5226999967126176,0.00023651123046875
2025-11-23T17:17:29.328393,3,50000,mixed,linear_adaptive,"quantile=0.999,minW=32",1.7656999989412725,6539.399997564033,0.49038461538461536,7102,,0.5096153846153846,0,265,1246.5384615384614,1056.2264150943397,520,265,1.1711999977706,0.00023651123046875
2025-11-23T17:17:29.328393,3,50000,mixed,kraska_single,type=linear,26.513999997405335,4338.800004916266,0.4846153846153846,7082,3415.9456,,,,,,,,,1.52587890625e-05
2025-11-23T17:17:29.328393,3,50000,mixed,kraska_single,type=polynomial,60.918400005903095,7722.599999397062,0.4846153846153846,7081,3415.933,,,,,,,,,2.288818359375e-05
2025-11-23T17:17:29.328393,3,50000,mixed,kraska_rmi,"stages=[1,10]",65.3260000035516,8009.400000446476,0.48653846153846153,29556,14746.6696,,,,,,,,,0.000335693359375
2025-11-23T17:17:29.328393,3,50000,mixed,kraska_rmi,"stages=[1,100]",67.77549999969779,9368.600003654137,0.48653846153846153,30959,15490.6187,,,,,,,,,0.003082275390625
2025-11-23T17:17:29.328393,3,50000,mixed,kraska_rmi,"stages=[1,1000]",82.06330000393791,8034.200000111014,0.48653846153846153,25989,12617.9061,,,,,,,,,0.030548095703125
2025-11-23T17:17:29.870812,3,100000,seq,btree,order=32,6.92459999845596,3730.6000012904406,,,,,,,,,,,,1.2713470458984375
2025-11-23T17:17:29.870812,3,100000,seq,btree,order=64,4.72960000479361,4582.199995638803,,,,,,,,,,,,1.0092010498046875
2025-11-23T17:17:29.870812,3,100000,seq,btree,order=128,3.8493000029120594,4886.3999982131645,,,,,,,,,,,,0.8843841552734375
2025-11-23T17:17:29.870812,3,100000,seq,btree,order=256,3.2675000038580038,6409.39999721013,,,,,,,,,,,,0.8233489990234375
2025-11-23T17:17:29.870812,3,100000,seq,linear_fixed,window=64,3.56879999890225,6965.00000776723,0.5,64,,0.5,0,260,1147.3076923076924,1076.923076923077,520,260,3.1502999991062097,0.00023651123046875
2025-11-23T17:17:29.870812,3,100000,seq,linear_fixed,window=128,3.5358000022824854,6315.3999944915995,0.5,128,,0.5,0,260,1142.8846153846155,1091.1538461538462,520,260,3.1966000024112873,0.00023651123046875
2025-11-23T17:17:29.870812,3,100000,seq,linear_fixed,window=256,2.992200003063772,6359.599996358156,0.5,256,,0.5,0,260,1149.8076923076924,1073.8461538461538,520,260,2.897700003813952,0.00023651123046875
2025-11-23T17:17:29.870812,3,100000,seq,linear_fixed,window=512,3.239400000893511,6323.000008706003,0.5,512,,0.5,0,260,1158.076923076923,1050.7692307692307,520,260,2.99539999832632,0.00023651123046875
2025-11-23T17:17:29.870812,3,100000,seq,linear_fixed,window=1024,3.3314999964204617,6295.600003795698,0.5,1024,,0.5,0,260,1134.8076923076924,1063.4615384615386,520,260,3.119900000456255,0.00023651123046875
2025-11-23T17:17:29.870812,3,100000,seq,pgm,eps=64,19.784700001764577,1836.600000387989,0.5,64,,0.5,0,260,,,,,,0.76324462890625
2025-11-23T17:17:29.870812,3,100000,seq,pgm,eps=128,19.545899995137006,1490.800001192838,0.5,128,,0.5,0,260,,,,,,0.76324462890625
2025-11-23T17:17:29.870812,3,100000,seq,pgm,eps=256,19.59220000571804,1537.0000037364662,0.5,256,,0.5,0,260,,,,,,0.76324462890625
2025-11-23T17:17:29.870812,3,100000,seq,linear_adaptive,"quantile=0.99,minW=8",3.999100001237821,7176.800005254336,0.5,8,,0.5,0,260,1281.7307692307693,1278.8461538461538,520,260,3.0628000022261404,0.00023651123046875
2025-11-23T17:17:29.870812,3,100000,seq,linear_adaptive,"quantile=0.99,minW=16",4.393900002469309,6540.5999921495095,0.5,16,,0.5,0,260,1151.7307692307693,1087.3076923076924,520,260,3.3744000029400922,0.00023651123046875
2025-11-23T17:17:29.870812,3,100000,seq,linear_adaptive,"quantile=0.99,minW=32",4.150299995671958,6539.199996041134,0.5,32,,0.5,0,260,1181.3461538461538,1076.1538461538462,520,260,3.2653999951435253,0.00023651123046875
2025-11-23T17:17:29.870812,3,100000,seq,linear_adaptive,"quantile=0.995,minW=8",4.204600001685321,6335.199999739416,0.5,8,,0.5,0,260,1123.8461538461538,1045.7692307692307,520,260,3.3159000013256446,0.00023651123046875
2025-11-23T17:17:29.870812,3,100000,seq,linear_adaptive,"quantile=0.995,minW=16",4.431800000020303,6362.000000081025,0.5,16,,0.5,0,260,1124.8076923076924,1075.3846153846155,520,260,3.260499994212296,0.00023651123046875
2025-11-23T17:17:29.870812,3,100000,seq,linear_adaptive,"quantile=0.995,minW=32",4.213000000163447,6337.2000004164875,0.5,32,,0.5,0,260,1124.8076923076924,1063.8461538461538,520,260,3.367200006323401,0.00023651123046875
2025-11-23T17:17:29.870812,3,100000,seq,linear_adaptive,"quantile=0.999,minW=8",4.3701999966287985,6354.600001941435,0.5,8,,0.5,0,260,1124.0384615384614,1036.5384615384614,520,260,3.276999996160157,0.00023651123046875
2025-11-23T17:17:29.870812,3,100000,seq,linear_adaptive,"quantile=0.999,minW=16",3.7177999984123744,6365.399996866472,0.5,16,,0.5,0,260,1139.0384615384614,1039.2307692307693,520,260,3.263300000980962,0.00023651123046875
2025-11-23T17:17:29.870812,3,100000,seq,linear_adaptive,"quantile=0.999,minW=32",3.574799993657507,6388.200010405853,0.5,32,,0.5,0,260,1155.7692307692307,1105.7692307692307,520,260,3.0980000010458753,0.00023651123046875
2025-11-23T17:17:29.870812,3,100000,seq,kraska_single,type=linear,28.373799999826588,4246.1999983061105,0.5,0,0.0,,,,,,,,,1.52587890625e-05
2025-11-23T17:17:29.870812,3,100000,seq,kraska_single,type=polynomial,61.65630000032252,7645.199992111884,0.5,1,0.7823,,,,,,,,,2.288818359375e-05
2025-11-23T17:17:29.870812,3,100000,seq,kraska_rmi,"stages=[1,10]",68.08629999432014,7902.800003648736,0.5,1,0.9846,,,,,,,,,0.000335693359375
2025-11-23T17:17:29.870812,3,100000,seq,kraska_rmi,"stages=[1,100]",71.73879999754718,8039.3999960506335,0.5,0,0.0,,,,,,,,,0.003082275390625
2025-11-23T17:17:29.870812,3,100000,seq,kraska_rmi,"stages=[1,1000]",83.96590000484139,8086.200003162958,0.5,0,0.0,,,,,,,,,0.030548095703125
2025-11-23T17:17:30.404945,3,100000,uniform,btree,order=32,6.818099995143712,3201.999992597848,,,,,,,,,,,,1.2713470458984375
2025-11-23T17:17:30.404945,3,100000,uniform,btree,order=64,4.418899996380787,3584.2000070260838,,,,,,,,,,,,1.0092010498046875
2025-11-23T17:17:30.404945,3,100000,uniform,btree,order=128,3.604600002290681,4647.599998861551,,,,,,,,,,,,0.8843841552734375
2025-11-23T17:17:30.404945,3,100000,uniform,btree,order=256,3.264499995566439,6368.200003635138,,,,,,,,,,,,0.8233489990234375
2025-11-23T17:17:30.404945,3,100000,uniform,linear_fixed,window=64,3.3870999977807514,6587.800002307631,0.36730769230769234,64,,0.6326923076923077,71,258,1190.3846153846155,1085.4103343465047,520,329,3.2797999956528656,0.00023651123046875
2025-11-23T17:17:30.404945,3,100000,uniform,linear_fixed,window=128,3.211600000213366,6423.600003472529,0.5038461538461538,128,,0.49615384615384617,0,258,1180.7692307692307,1063.5658914728683,520,258,2.9066999995848164,0.00023651123046875
2025-11-23T17:17:30.404945,3,100000,uniform,linear_fixed,window=256,3.35770000674529,6315.9999990602955,0.5038461538461538,256,,0.49615384615384617,0,258,1162.6923076923076,1048.4496124031007,520,258,3.144300004350953,0.00023651123046875
2025-11-23T17:17:30.404945,3,100000,uniform,linear_fixed,window=512,2.9941999964648858,6354.600001941435,0.5038461538461538,512,,0.49615384615384617,0,258,1196.7307692307693,1066.6666666666667,520,258,2.904499997384846,0.00023651123046875
2025-11-23T17:17:30.404945,3,100000,uniform,linear_fixed,window=1024,3.427499999816064,6614.60000264924,0.5038461538461538,1024,,0.49615384615384617,0,258,1247.1153846153845,1086.4341085271317,520,258,3.18400000105612,0.00023651123046875
2025-11-23T17:17:30.404945,3,100000,uniform,pgm,eps=64,26.90679999795975,6941.800005733967,0.5038461538461538,64,,1.0,262,258,,,,,,0.782958984375
2025-11-23T17:17:30.404945,3,100000,uniform,pgm,eps=128,21.369699999922886,3019.799987669103,0.5038461538461538,128,,1.0,262,258,,,,,,0.76861572265625
2025-11-23T17:17:30.404945,3,100000,uniform,pgm,eps=256,23.010899996734224,4164.399986620992,0.5038461538461538,256,,1.0,262,258,,,,,,0.77142333984375
2025-11-23T17:17:30.404945,3,100000,uniform,linear_adaptive,"quantile=0.99,minW=8",4.07670000276994,6697.7999958908185,0.49423076923076925,115,,0.5057692307692307,5,258,1236.7307692307693,1168.8212927756654,520,263,3.15210000553634,0.00023651123046875
2025-11-23T17:17:30.404945,3,100000,uniform,linear_adaptive,"quantile=0.99,minW=16",4.168200001004152,6344.399997033179,0.49423076923076925,115,,0.5057692307692307,5,258,1156.1538461538462,1074.5247148288972,520,263,3.2433999949716963,0.00023651123046875
2025-11-23T17:17:30.404945,3,100000,uniform,linear_adaptive,"quantile=0.99,minW=32",4.017100000055507,6299.999993643723,0.49423076923076925,115,,0.5057692307692307,5,258,1167.1153846153845,1051.7110266159696,520,263,3.1593000021530315,0.00023651123046875
2025-11-23T17:17:30.404945,3,100000,uniform,linear_adaptive,"quantile=0.995,minW=8",3.74549999833107,6342.4000109080225,0.5019230769230769,120,,0.4980769230769231,1,258,1160.7692307692307,1070.6563706563707,520,259,3.0359999946085736,0.00023651123046875
2025-11-23T17:17:30.404945,3,100000,uniform,linear_adaptive,"quantile=0.995,minW=16",3.660499998659361,6379.399987054057,0.5019230769230769,120,,0.4980769230769231,1,258,1181.923076923077,1055.2123552123553,520,259,2.9921000023023225,0.00023651123046875
2025-11-23T17:17:30.404945,3,100000,uniform,linear_adaptive,"quantile=0.995,minW=32",3.9759999999660067,6382.79999839142,0.5019230769230769,120,,0.4980769230769231,1,258,1193.6538461538462,1062.162162162162,520,259,3.1688000017311424,0.00023651123046875
2025-11-23T17:17:30.404945,3,100000,uniform,linear_adaptive,"quantile=0.999,minW=8",3.3082000009017065,6401.600010576658,0.5038461538461538,131,,0.49615384615384617,0,258,1177.3076923076924,1065.1162790697674,520,258,2.850000004400499,0.00023651123046875
2025-11-23T17:17:30.404945,3,100000,uniform,linear_adaptive,"quantile=0.999,minW=16",3.7200000006123446,6403.199993656017,0.5038461538461538,131,,0.49615384615384617,0,258,1179.6153846153845,1065.5038759689924,520,258,3.0802999972365797,0.00023651123046875
2025-11-23T17:17:30.404945,3,100000,uniform,linear_adaptive,"quantile=0.999,minW=32",4.061599996930454,6342.599997879006,0.5038461538461538,131,,0.49615384615384617,0,258,1162.6923076923076,1078.6821705426357,520,258,3.100199995969888,0.00023651123046875
2025-11-23T17:17:30.404945,3,100000,uniform,kraska_single,type=linear,29.765100000076927,4292.400000849739,0.49230769230769234,114,46.3825,,,,,,,,,1.52587890625e-05
2025-11-23T17:17:30.404945,3,100000,uniform,kraska_single,type=polynomial,62.93330000335118,7593.599992105737,0.5,101,36.3862,,,,,,,,,2.288818359375e-05
2025-11-23T17:17:30.404945,3,100000,uniform,kraska_rmi,"stages=[1,10]",67.91299999895273,7943.200005684048,0.4980769230769231,327,113.3473,,,,,,,,,0.000335693359375
2025-11-23T17:17:30.404945,3,100000,uniform,kraska_rmi,"stages=[1,100]",70.14319999871077,8108.5999991046265,0.5019230769230769,3071,1614.6214,,,,,,,,,0.003082275390625
2025-11-23T17:17:30.404945,3,100000,uniform,kraska_rmi,"stages=[1,1000]",83.7387999999919,8013.400001800619,0.49615384615384617,7781,3866.3392,,,,,,,,,0.030548095703125
2025-11-23T17:17:30.973121,3,100000,mixed,btree,order=32,6.591400000615977,3179.400009685196,,,,,,,,,,,,1.2713470458984375
2025-11-23T17:17:30.973121,3,100000,mixed,btree,order=64,4.409799999848474,3584.7999970428646,,,,,,,,,,,,1.0092010498046875
2025-11-23T17:17:30.973121,3,100000,mixed,btree,order=128,3.614599998400081,4518.599991570227,,,,,,,,,,,,0.8843841552734375
2025-11-23T17:17:30.973121,3,100000,mixed,btree,order=256,3.3976000049733557,7014.800008619204,,,,,,,,,,,,0.8233489990234375
2025-11-23T17:17:30.973121,3,100000,mixed,linear_fixed,window=64,3.4801000001607463,7053.600013023242,0.013461538461538462,64,,0.9865384615384616,256,257,1150.1923076923076,1066.0818713450292,520,513,3.3924000017577782,0.00023651123046875
2025-11-23T17:17:30.973121,3,100000,mixed,linear_fixed,window=128,2.9559999966295436,7395.7999993581325,0.015384615384615385,128,,0.9846153846153847,255,257,1340.576923076923,1090.4296875,520,512,2.86469999991823,0.00023651123046875
2025-11-23T17:17:30.973121,3,100000,mixed,linear_fixed,window=256,3.0354999980772845,7007.599997450598,0.019230769230769232,256,,0.9807692307692307,253,257,1147.1153846153845,1056.078431372549,520,510,2.9427999979816377,0.00023651123046875
2025-11-23T17:17:30.973121,3,100000,mixed,linear_fixed,window=512,3.2748000012361445,7210.800002212636,0.03076923076923077,512,,0.9692307692307692,247,257,1183.4615384615386,1062.3015873015872,520,504,2.909199996793177,0.00023651123046875
2025-11-23T17:17:30.973121,3,100000,mixed,linear_fixed,window=1024,3.5218000048189424,6997.999997111037,0.05384615384615385,1024,,0.9461538461538461,235,257,1177.5,1059.1463414634147,520,492,3.290799999376759,0.00023651123046875
2025-11-23T17:17:30.973121,3,100000,mixed,pgm,eps=64,28.371400003379676,8824.799995636567,0.5057692307692307,64,,1.0,263,257,,,,,,0.79107666015625
2025-11-23T17:17:30.973121,3,100000,mixed,pgm,eps=128,25.812899999436922,6225.399993127212,0.5057692307692307,128,,1.0,263,257,,,,,,0.78021240234375
2025-11-23T17:17:30.973121,3,100000,mixed,pgm,eps=256,23.07019999716431,4108.399996766821,0.5057692307692307,256,,1.0,263,257,,,,,,0.77264404296875
2025-11-23T17:17:30.973121,3,100000,mixed,linear_adaptive,"quantile=0.99,minW=8",3.9019999967422336,6571.799996891059,0.5019230769230769,14204,,0.4980769230769231,2,257,1230.3846153846155,1075.2895752895754,520,259,3.200699997250922,0.00023651123046875
2025-11-23T17:17:30.973121,3,100000,mixed,linear_adaptive,"quantile=0.99,minW=16",3.9238000026671216,6520.800001453608,0.5019230769230769,14204,,0.4980769230769231,2,257,1224.423076923077,1055.984555984556,520,259,2.9508000006899238,0.00023651123046875
2025-11-23T17:17:30.973121,3,100000,mixed,linear_adaptive,"quantile=0.99,minW=32",3.951200000301469,6549.999990966171,0.5019230769230769,14204,,0.4980769230769231,2,257,1239.423076923077,1063.3204633204634,520,259,3.2778999957372434,0.00023651123046875
2025-11-23T17:17:30.973121,3,100000,mixed,linear_adaptive,"quantile=0.995,minW=8",3.7310999978217296,6441.599995014258,0.5038461538461538,14225,,0.49615384615384617,1,257,1250.7692307692307,1058.5271317829458,520,258,3.211900002497714,0.00023651123046875
2025-11-23T17:17:30.973121,3,100000,mixed,linear_adaptive,"quantile=0.995,minW=16",3.8952999966568314,6503.199998405762,0.5038461538461538,14225,,0.49615384615384617,1,257,1236.923076923077,1051.937984496124,520,258,3.0186999938450754,0.00023651123046875
2025-11-23T17:17:30.973121,3,100000,mixed,linear_adaptive,"quantile=0.995,minW=32",4.262800001015421,6583.399997907691,0.5038461538461538,14225,,0.49615384615384617,1,257,1252.5,1068.9922480620155,520,258,3.2154000000446104,0.00023651123046875
2025-11-23T17:17:30.973121,3,100000,mixed,linear_adaptive,"quantile=0.999,minW=8",4.150800006755162,6502.799995359965,0.5057692307692307,14256,,0.49423076923076925,0,257,1238.4615384615386,1068.4824902723735,520,257,3.222800005460158,0.00023651123046875
2025-11-23T17:17:30.973121,3,100000,mixed,linear_adaptive,"quantile=0.999,minW=16",4.303800000343472,6441.000004997477,0.5057692307692307,14256,,0.49423076923076925,0,257,1246.5384615384614,1041.634241245136,520,257,3.2063999969977885,0.00023651123046875
2025-11-23T17:17:30.973121,3,100000,mixed,linear_adaptive,"quantile=0.999,minW=32",4.228099998726975,6581.8000002764165,0.5057692307692307,14256,,0.49423076923076925,0,257,1262.6923076923076,1067.704280155642,520,257,3.2696999987820163,0.00023651123046875
2025-11-23T17:17:30.973121,3,100000,mixed,kraska_single,type=linear,28.659800002060365,4355.600001872517,0.5019230769230769,14204,6855.1972,,,,,,,,,1.52587890625e-05
2025-11-23T17:17:30.973121,3,100000,mixed,kraska_single,type=polynomial,62.789000003249384,7601.799996336922,0.5019230769230769,14206,6855.2017,,,,,,,,,2.288818359375e-05
2025-11-23T17:17:30.973121,3,100000,mixed,kraska_rmi,"stages=[1,10]",68.61229999776697,7910.200001788326,0.4980769230769231,59108,29510.8706,,,,,,,,,0.000335693359375
2025-11-23T17:17:30.973121,3,100000,mixed,kraska_rmi,"stages=[1,100]",69.72870000026887,8430.200003203936,0.4980769230769231,61939,31001.7113,,,,,,,,,0.003082275390625
2025-11-23T17:17:30.973121,3,100000,mixed,kraska_rmi,"stages=[1,1000]",84.29429999523563,7965.600001625717,0.4980769230769231,62037,31058.6617,,,,,,,,,0.030548095703125
2025-11-23T17:17:32.186617,3,500000,seq,btree,order=32,46.56430000613909,3667.7999887615442,,,,,,,,,,,,6.3555755615234375
2025-11-23T17:17:32.186617,3,500000,seq,btree,order=64,22.7699000024586,4734.599991934374,,,,,,,,,,,,5.0453033447265625
2025-11-23T17:17:32.186617,3,500000,seq,btree,order=128,21.987499996612314,5935.799999861047,,,,,,,,,,,,4.4204559326171875
2025-11-23T17:17:32.186617,3,500000,seq,btree,order=256,16.310699997120537,7861.000005505048,,,,,,,,,,,,4.1152801513671875
2025-11-23T17:17:32.186617,3,500000,seq,linear_fixed,window=64,18.19959999556886,6670.400005532429,0.49615384615384617,64,,0.5038461538461538,0,262,1267.8846153846155,1235.8778625954199,520,262,17.142900003818795,0.00023651123046875
2025-11-23T17:17:32.186617,3,500000,seq,linear_fixed,window=128,18.300100004125852,6507.600002805702,0.49615384615384617,128,,0.5038461538461538,0,262,1232.1153846153845,1207.2519083969466,520,262,17.2244999994291,0.00023651123046875
2025-11-23T17:17:32.186617,3,500000,seq,linear_fixed,window=256,18.64449999993667,6544.20000500977,0.49615384615384617,256,,0.5038461538461538,0,262,1231.5384615384614,1191.9847328244275,520,262,17.583900000317954,0.00023651123046875
2025-11-23T17:17:32.186617,3,500000,seq,linear_fixed,window=512,18.55990000331076,6603.200003155507,0.49615384615384617,512,,0.5038461538461538,0,262,1237.1153846153845,1182.824427480916,520,262,17.46640000055777,0.00023651123046875
2025-11-23T17:17:32.186617,3,500000,seq,linear_fixed,window=1024,18.485500004317146,6557.600005180575,0.49615384615384617,1024,,0.5038461538461538,0,262,1240.9615384615386,1157.2519083969466,520,262,17.409599997336045,0.00023651123046875
2025-11-23T17:17:32.186617,3,500000,seq,pgm,eps=64,101.12980000121752,1624.7999883489683,0.49615384615384617,64,,0.5038461538461538,0,262,,,,,,3.81500244140625
2025-11-23T17:17:32.186617,3,500000,seq,pgm,eps=128,98.5313000055612,1659.40000442788,0.49615384615384617,128,,0.5038461538461538,0,262,,,,,,3.81500244140625
2025-11-23T17:17:32.186617,3,500000,seq,pgm,eps=256,99.12139999505598,1744.7999998694286,0.49615384615384617,256,,0.5038461538461538,0,262,,,,,,3.81500244140625
2025-11-23T17:17:32.186617,3,500000,seq,linear_adaptive,"quantile=0.99,minW=8",18.413600002531894,6551.400001626462,0.49615384615384617,8,,0.5038461538461538,0,262,1184.2307692307693,1183.206106870229,520,262,16.482899998663925,0.00023651123046875
2025-11-23T17:17:32.186617,3,500000,seq,linear_adaptive,"quantile=0.99,minW=16",18.756699995719828,6614.799989620224,0.49615384615384617,16,,0.5038461538461538,0,262,1325.1923076923076,1152.2900763358778,520,262,16.809000000648666,0.00023651123046875
2025-11-23T17:17:32.186617,3,500000,seq,linear_adaptive,"quantile=0.99,minW=32",19.055000004300382,6636.000005528331,0.49615384615384617,32,,0.5038461538461538,0,262,1210.7692307692307,1165.648854961832,520,262,17.02820000355132,0.00023651123046875
2025-11-23T17:17:32.186617,3,500000,seq,linear_adaptive,"quantile=0.995,minW=8",18.717999999353196,6491.799998912029,0.49615384615384617,8,,0.5038461538461538,0,262,1188.8461538461538,1156.4885496183206,520,262,16.78669999819249,0.00023651123046875
2025-11-23T17:17:32.186617,3,500000,seq,linear_adaptive,"quantile=0.995,minW=16",18.24730000225827,6500.799994682893,0.49615384615384617,16,,0.5038461538461538,0,262,1183.4615384615386,1158.7786259541986,520,262,16.338399997039232,0.00023651123046875
2025-11-23T17:17:32.186617,3,500000,seq,linear_adaptive,"quantile=0.995,minW=32",18.585899997560773,6526.4000004390255,0.49615384615384617,32,,0.5038461538461538,0,262,1179.0384615384614,1148.473282442748,520,262,16.567200000281446,0.00023651123046875
2025-11-23T17:17:32.186617,3,500000,seq,linear_adaptive,"quantile=0.999,minW=8",19.03590000438271,6516.599998576567,0.49615384615384617,8,,0.5038461538461538,0,262,1184.423076923077,1203.8167938931297,520,262,17.041699997207616,0.00023651123046875
2025-11-23T17:17:32.186617,3,500000,seq,linear_adaptive,"quantile=0.999,minW=16",18.817600001057144,6839.199995738454,0.49615384615384617,16,,0.5038461538461538,0,262,1184.8076923076924,1184.7328244274809,520,262,17.177699999592733,0.00023651123046875
2025-11-23T17:17:32.186617,3,500000,seq,linear_adaptive,"quantile=0.999,minW=32",18.737700003839564,6600.59999790974,0.49615384615384617,32,,0.5038461538461538,0,262,1234.423076923077,1225.9541984732825,520,262,16.95540000218898,0.00023651123046875
2025-11-23T17:17:32.186617,3,500000,seq,kraska_single,type=linear,42.94590000063181,4258.999993908219,0.49615384615384617,0,0.0,,,,,,,,,1.52587890625e-05
2025-11-23T17:17:32.186617,3,500000,seq,kraska_single,type=polynomial,85.4542000015499,7540.399994468316,0.49615384615384617,1,0.5715,,,,,,,,,2.288818359375e-05
2025-11-23T17:17:32.186617,3,500000,seq,kraska_rmi,"stages=[1,10]",97.82689999701688,7978.599998750724,0.49615384615384617,0,0.0,,,,,,,,,0.000335693359375
2025-11-23T17:17:32.186617,3,500000,seq,kraska_rmi,"stages=[1,100]",93.35029999783728,7953.000007546507,0.49615384615384617,1,0.9959,,,,,,,,,0.003082275390625
2025-11-23T17:17:32.186617,3,500000,seq,kraska_rmi,"stages=[1,1000]",110.49609999463428,7987.399992998689,0.49615384615384617,1,0.9999,,,,,,,,,0.030548095703125
2025-11-23T17:17:33.484375,3,500000,uniform,btree,order=32,34.94440000213217,3602.800003136508,,,,,,,,,,,,6.3555755615234375
2025-11-23T17:17:33.484375,3,500000,uniform,btree,order=64,22.441900000558235,4624.5999983511865,,,,,,,,,,,,5.0453033447265625
2025-11-23T17:17:33.484375,3,500000,uniform,btree,order=128,27.088900002127048,5981.800000881776,,,,,,,,,,,,4.4204559326171875
2025-11-23T17:17:33.484375,3,500000,uniform,btree,order=256,17.494399995484855,7385.400007478893,,,,,,,,,,,,4.1152801513671875
2025-11-23T17:17:33.484375,3,500000,uniform,linear_fixed,window=64,19.197199995687697,8124.800006044097,0.1519230769230769,64,,0.8480769230769231,176,265,1358.6538461538462,1319.954648526077,520,441,18.186699999205302,0.00023651123046875
2025-11-23T17:17:33.484375,3,500000,uniform,linear_fixed,window=128,18.938100001832936,6891.600001836196,0.2826923076923077,128,,0.7173076923076923,108,265,1305.9615384615386,1201.6085790884717,520,373,17.71789999475004,0.00023651123046875
2025-11-23T17:17:33.484375,3,500000,uniform,linear_fixed,window=256,17.897400000947528,6659.199993009679,0.4096153846153846,256,,0.5903846153846154,42,265,1322.6923076923076,1152.442996742671,520,307,16.949899996689055,0.00023651123046875
2025-11-23T17:17:33.484375,3,500000,uniform,linear_fixed,window=512,17.64299999922514,7079.600007273257,0.49038461538461536,512,,0.5096153846153846,0,265,1458.4615384615386,1256.6037735849056,520,265,16.761499995482154,0.00023651123046875
2025-11-23T17:17:33.484375,3,500000,uniform,linear_fixed,window=1024,17.33099999546539,6589.800002984703,0.49038461538461536,1024,,0.5096153846153846,0,265,1355.3846153846155,1169.0566037735848,520,265,16.328199999406934,0.00023651123046875
2025-11-23T17:17:33.484375,3,500000,uniform,pgm,eps=64,140.88870000705356,33049.79999666102,0.49038461538461536,64,,1.0,255,265,,,,,,3.94647216796875
2025-11-23T17:17:33.484375,3,500000,uniform,pgm,eps=128,121.65169999934733,18396.799991023727,0.49038461538461536,128,,1.0,255,265,,,,,,3.88201904296875
2025-11-23T17:17:33.484375,3,500000,uniform,pgm,eps=256,110.12380000465782,8708.399996976368,0.49038461538461536,256,,1.0,255,265,,,,,,3.8411865234375
2025-11-23T17:17:33.484375,3,500000,uniform,linear_adaptive,"quantile=0.99,minW=8",19.921599996450823,6575.200008228421,0.4807692307692308,380,,0.5192307692307693,5,265,1311.5384615384614,1151.111111111111,520,270,17.644400002609473,0.00023651123046875
2025-11-23T17:17:33.484375,3,500000,uniform,linear_adaptive,"quantile=0.99,minW=16",19.543299997167196,6628.999995882623,0.4807692307692308,380,,0.5192307692307693,5,265,1278.4615384615386,1145.1851851851852,520,270,17.45680000021821,0.00023651123046875
2025-11-23T17:17:33.484375,3,500000,uniform,linear_adaptive,"quantile=0.99,minW=32",18.771499999274965,6507.600002805702,0.4807692307692308,380,,0.5192307692307693,5,265,1270.576923076923,1132.2222222222222,520,270,16.710700001567602,0.00023651123046875
2025-11-23T17:17:33.484375,3,500000,uniform,linear_adaptive,"quantile=0.995,minW=8",19.005900001502596,6656.79998928681,0.4846153846153846,395,,0.5153846153846153,3,265,1385.3846153846155,1137.686567164179,520,268,16.942599999310914,0.00023651123046875
2025-11-23T17:17:33.484375,3,500000,uniform,linear_adaptive,"quantile=0.995,minW=16",18.957700005557854,6442.999991122633,0.4846153846153846,395,,0.5153846153846153,3,265,1212.1153846153845,1093.6567164179105,520,268,16.9296999956714,0.00023651123046875
2025-11-23T17:17:33.484375,3,500000,uniform,linear_adaptive,"quantile=0.995,minW=32",17.65729999897303,6544.99999654945,0.4846153846153846,395,,0.5153846153846153,3,265,1235.576923076923,1115.6716417910447,520,268,15.870800001721364,0.00023651123046875
2025-11-23T17:17:33.484375,3,500000,uniform,linear_adaptive,"quantile=0.999,minW=8",19.335799996042624,6891.199998790398,0.48846153846153845,436,,0.5115384615384615,1,265,1293.6538461538462,1152.6315789473683,520,266,17.78760000161128,0.00023651123046875
2025-11-23T17:17:33.484375,3,500000,uniform,linear_adaptive,"quantile=0.999,minW=16",18.197700002929196,6528.199999593198,0.48846153846153845,436,,0.5115384615384615,1,265,1225.3846153846155,1107.5187969924812,520,266,16.584400000283495,0.00023651123046875
2025-11-23T17:17:33.484375,3,500000,uniform,linear_adaptive,"quantile=0.999,minW=32",18.011900006968062,6515.800007036887,0.48846153846153845,436,,0.5115384615384615,1,265,1216.7307692307693,1109.7744360902257,520,266,16.52240000112215,0.00023651123046875
2025-11-23T17:17:33.484375,3,500000,uniform,kraska_single,type=linear,41.84650000388501,4423.200007295236,0.47884615384615387,379,145.8942,,,,,,,,,1.52587890625e-05
2025-11-23T17:17:33.484375,3,500000,uniform,kraska_single,type=polynomial,86.04960000229767,7597.800009534694,0.4807692307692308,374,145.0813,,,,,,,,,2.288818359375e-05
2025-11-23T17:17:33.484375,3,500000,uniform,kraska_rmi,"stages=[1,10]",96.64180000254419,8140.399993862957,0.4846153846153846,2453,1231.5487,,,,,,,,,0.000335693359375
2025-11-23T17:17:33.484375,3,500000,uniform,kraska_rmi,"stages=[1,100]",92.85300000192365,8251.799998106435,0.4846153846153846,18966,9491.2446,,,,,,,,,0.003082275390625
2025-11-23T17:17:33.484375,3,500000,uniform,kraska_rmi,"stages=[1,1000]",110.76580000371905,8161.799996742047,0.48846153846153845,768,349.6011,,,,,,,,,0.030548095703125
2025-11-23T17:17:34.794539,3,500000,mixed,btree,order=32,36.01899999921443,3596.8000011052936,,,,,,,,,,,,6.3555755615234375
2025-11-23T17:17:34.794539,3,500000,mixed,btree,order=64,22.02160000160802,5087.599987746216,,,,,,,,,,,,5.0453033447265625
2025-11-23T17:17:34.794539,3,500000,mixed,btree,order=128,17.665899998974055,5177.200000616722,,,,,,,,,,,,4.4204559326171875
2025-11-23T17:17:34.794539,3,500000,mixed,btree,order=256,16.092000005301088,7260.60000306461,,,,,,,,,,,,4.1152801513671875
2025-11-23T17:17:34.794539,3,500000,mixed,linear_fixed,window=64,17.598399994312786,7452.199992258102,0.0,64,,1.0,262,258,1239.0384615384614,1256.5384615384614,520,520,16.51980000315234,0.00023651123046875
2025-11-23T17:17:34.794539,3,500000,mixed,linear_fixed,window=128,17.45449999725679,7292.599999345839,0.0,128,,1.0,262,258,1239.8076923076924,1231.5384615384614,520,520,16.49040000484092,0.00023651123046875
2025-11-23T17:17:34.794539,3,500000,mixed,linear_fixed,window=256,17.987100000027567,7384.600001387298,0.0019230769230769232,256,,0.9980769230769231,261,258,1258.8461538461538,1245.086705202312,520,519,17.087000000174157,0.00023651123046875
2025-11-23T17:17:34.794539,3,500000,mixed,linear_fixed,window=512,17.64759999787202,8436.40000675805,0.0038461538461538464,512,,0.9961538461538462,260,258,1754.6153846153845,1504.054054054054,520,518,16.6970999998739,0.00023651123046875
2025-11-23T17:17:34.794539,3,500000,mixed,linear_fixed,window=1024,18.033300002571195,8384.999993722886,0.0057692307692307696,1024,,0.9942307692307693,259,258,1364.2307692307693,1446.4216634429401,520,517,17.053199997462798,0.00023651123046875
2025-11-23T17:17:34.794539,3,500000,mixed,pgm,eps=64,139.27890000195475,31750.59999921359,0.5038461538461538,64,,1.0,262,258,,,,,,3.94110107421875
2025-11-23T17:17:34.794539,3,500000,mixed,pgm,eps=128,117.63200000132201,15113.999994355254,0.5038461538461538,128,,1.0,262,258,,,,,,3.8702392578125
2025-11-23T17:17:34.794539,3,500000,mixed,pgm,eps=256,115.32930000248598,11296.800003037788,0.5038461538461538,256,,1.0,262,258,,,,,,3.8505859375
2025-11-23T17:17:34.794539,3,500000,mixed,linear_adaptive,"quantile=0.99,minW=8",18.474600001354702,6666.200002655387,0.49230769230769234,70898,,0.5076923076923077,6,258,1405.0,1135.9848484848485,520,264,16.609099999186583,0.00023651123046875
2025-11-23T17:17:34.794539,3,500000,mixed,linear_adaptive,"quantile=0.99,minW=16",17.845399997895584,6656.800003838725,0.49230769230769234,70898,,0.5076923076923077,6,258,1388.4615384615386,1086.7424242424242,520,264,16.262499993899837,0.00023651123046875
2025-11-23T17:17:34.794539,3,500000,mixed,linear_adaptive,"quantile=0.99,minW=32",18.420499996864237,7195.800004410557,0.49230769230769234,70898,,0.5076923076923077,6,258,1587.8846153846155,1154.9242424242425,520,264,16.41389999713283,0.00023651123046875
2025-11-23T17:17:34.794539,3,500000,mixed,linear_adaptive,"quantile=0.995,minW=8",18.037099995126482,6689.000001642853,0.4980769230769231,71031,,0.5019230769230769,3,258,1395.1923076923076,1114.5593869731802,520,261,16.371500001696404,0.00023651123046875
2025-11-23T17:17:34.794539,3,500000,mixed,linear_adaptive,"quantile=0.995,minW=16",18.123399997421075,7250.000009662472,0.4980769230769231,71031,,0.5019230769230769,3,258,1429.6153846153845,1391.9540229885058,520,261,16.552200002479367,0.00023651123046875
2025-11-23T17:17:34.794539,3,500000,mixed,linear_adaptive,"quantile=0.995,minW=32",18.68799999647308,6705.4000101052225,0.4980769230769231,71031,,0.5019230769230769,3,258,1409.6153846153845,1113.0268199233717,520,261,16.90000000235159,0.00023651123046875
2025-11-23T17:17:34.794539,3,500000,mixed,linear_adaptive,"quantile=0.999,minW=8",18.459599996276665,6598.400010261685,0.5038461538461538,71179,,0.49615384615384617,0,258,1386.5384615384614,1092.2480620155038,520,258,16.6116000036709,0.00023651123046875
2025-11-23T17:17:34.794539,3,500000,mixed,linear_adaptive,"quantile=0.999,minW=16",18.14169999852311,6736.600000294857,0.5038461538461538,71179,,0.49615384615384617,0,258,1458.6538461538462,1091.0852713178294,520,258,16.444499997305684,0.00023651123046875
2025-11-23T17:17:34.794539,3,500000,mixed,linear_adaptive,"quantile=0.999,minW=32",19.446300000709016,6686.599997919984,0.5038461538461538,71179,,0.49615384615384617,0,258,1420.576923076923,1100.0,520,258,17.360300000291318,0.00023651123046875
2025-11-23T17:17:34.794539,3,500000,mixed,kraska_single,type=linear,44.69790000439389,4730.600005132146,0.49230769230769234,70892,34177.5099,,,,,,,,,1.52587890625e-05
2025-11-23T17:17:34.794539,3,500000,mixed,kraska_single,type=polynomial,85.66350000182865,7860.400000936352,0.49230769230769234,70899,34177.6108,,,,,,,,,2.288818359375e-05
2025-11-23T17:17:34.794539,3,500000,mixed,kraska_rmi,"stages=[1,10]",95.82159999990836,10656.200000084937,0.5019230769230769,297116,148452.9245,,,,,,,,,0.000335693359375
2025-11-23T17:17:34.794539,3,500000,mixed,kraska_rmi,"stages=[1,100]",94.53009999560891,8246.199999121018,0.49615384615384617,300411,150200.9532,,,,,,,,,0.003082275390625
2025-11-23T17:17:34.794539,3,500000,mixed,kraska_rmi,"stages=[1,1000]",110.58360000606626,8676.800003740937,0.5019230769230769,292682,145713.4648,,,,,,,,,0.030548095703125
2025-11-23T17:17:36.844864,3,1000000,seq,btree,order=32,81.21769999706885,4226.799996104091,,,,,,,,,,,,12.710708618164062
2025-11-23T17:17:36.844864,3,1000000,seq,btree,order=64,45.51060000085272,4661.2000005552545,,,,,,,,,,,,10.090316772460938
2025-11-23T17:17:36.844864,3,1000000,seq,btree,order=128,35.9794999967562,5903.999990550801,,,,,,,,,,,,8.840621948242188
2025-11-23T17:17:36.844864,3,1000000,seq,btree,order=256,40.4227000035462,8023.000002140179,,,,,,,,,,,,8.230422973632812
2025-11-23T17:17:36.844864,3,1000000,seq,linear_fixed,window=64,39.397799999278504,6739.199990988709,0.5,64,,0.5,0,260,1288.8461538461538,1337.3076923076924,520,260,37.188800000876654,0.00023651123046875
2025-11-23T17:17:36.844864,3,1000000,seq,linear_fixed,window=128,39.74459999881219,6675.199998426251,0.5,128,,0.5,0,260,1313.6538461538462,1296.5384615384614,520,260,37.45579999667825,0.00023651123046875
2025-11-23T17:17:36.844864,3,1000000,seq,linear_fixed,window=256,39.26620000129333,6668.799993349239,0.5,256,,0.5,0,260,1306.5384615384614,1295.0,520,260,37.03069999755826,0.00023651123046875
2025-11-23T17:17:36.844864,3,1000000,seq,linear_fixed,window=512,38.734800000383984,6651.800009422004,0.5,512,,0.5,0,260,1315.1923076923076,1281.5384615384614,520,260,36.52919999876758,0.00023651123046875
2025-11-23T17:17:36.844864,3,1000000,seq,linear_fixed,window=1024,40.408699998806696,6996.600001002662,0.5,1024,,0.5,0,260,1395.7692307692307,1340.7692307692307,520,260,38.09200000250712,0.00023651123046875
2025-11-23T17:17:36.844864,3,1000000,seq,pgm,eps=64,196.51270000031218,1640.600006794557,0.5,64,,0.5,0,260,,,,,,7.62969970703125
2025-11-23T17:17:36.844864,3,1000000,seq,pgm,eps=128,197.0867999989423,1800.2000142587349,0.5,128,,0.5,0,260,,,,,,7.62969970703125
2025-11-23T17:17:36.844864,3,1000000,seq,pgm,eps=256,196.14049999654526,1816.000003600493,0.5,256,,0.5,0,260,,,,,,7.62969970703125
2025-11-23T17:17:36.844864,3,1000000,seq,linear_adaptive,"quantile=0.99,minW=8",39.228100002219435,6636.000005528331,0.5,8,,0.5,0,260,1219.2307692307693,1293.8461538461538,520,260,35.62009999586735,0.00023651123046875
2025-11-23T17:17:36.844864,3,1000000,seq,linear_adaptive,"quantile=0.99,minW=16",37.91140000248561,6692.3999984283,0.5,16,,0.5,0,260,1257.6923076923076,1267.3076923076924,520,260,34.597500001837034,0.00023651123046875
2025-11-23T17:17:36.844864,3,1000000,seq,linear_adaptive,"quantile=0.99,minW=32",39.528499997686595,6583.9999879244715,0.5,32,,0.5,0,260,1200.9615384615386,1238.8461538461538,520,260,36.322200001450256,0.00023651123046875
2025-11-23T17:17:36.844864,3,1000000,seq,linear_adaptive,"quantile=0.995,minW=8",39.01179999957094,6706.800006213598,0.5,8,,0.5,0,260,1231.1538461538462,1336.5384615384614,520,260,35.53010000177892,0.00023651123046875
2025-11-23T17:17:36.844864,3,1000000,seq,linear_adaptive,"quantile=0.995,minW=16",38.41680000186898,6689.000001642853,0.5,16,,0.5,0,260,1223.8461538461538,1261.923076923077,520,260,35.11920000164537,0.00023651123046875
2025-11-23T17:17:36.844864,3,1000000,seq,linear_adaptive,"quantile=0.995,minW=32",39.932599996973295,6718.799995724112,0.5,32,,0.5,0,260,1240.9615384615386,1264.6153846153845,520,260,36.51250000257278,0.00023651123046875
2025-11-23T17:17:36.844864,3,1000000,seq,linear_adaptive,"quantile=0.999,minW=8",38.00200000114273,6494.000001111999,0.5,8,,0.5,0,260,1176.1538461538462,1243.4615384615386,520,260,34.81840000313241,0.00023651123046875
2025-11-23T17:17:36.844864,3,1000000,seq,linear_adaptive,"quantile=0.999,minW=16",57.64210000052117,6605.199989280663,0.5,16,,0.5,0,260,1212.1153846153845,1290.0,520,260,54.638199995679315,0.00023651123046875
2025-11-23T17:17:36.844864,3,1000000,seq,linear_adaptive,"quantile=0.999,minW=32",39.755799996783026,6744.199999957345,0.5,32,,0.5,0,260,1258.8461538461538,1283.076923076923,520,260,37.03609999502078,0.00023651123046875
2025-11-23T17:17:36.844864,3,1000000,seq,kraska_single,type=linear,60.84420000115642,4276.200008462183,0.5,0,0.0,,,,,,,,,1.52587890625e-05
2025-11-23T17:17:36.844864,3,1000000,seq,kraska_single,type=polynomial,119.15550000412622,7591.600005980581,0.5,1,0.1885,,,,,,,,,2.288818359375e-05
2025-11-23T17:17:36.844864,3,1000000,seq,kraska_rmi,"stages=[1,10]",130.63550000515534,7978.399997227825,0.5,0,0.0,,,,,,,,,0.000335693359375
2025-11-23T17:17:36.844864,3,1000000,seq,kraska_rmi,"stages=[1,100]",120.81700000271667,7895.800008554943,0.5,1,0.9984,,,,,,,,,0.003082275390625
2025-11-23T17:17:36.844864,3,1000000,seq,kraska_rmi,"stages=[1,1000]",139.70619999599876,8066.59999943804,0.5,0,0.0,,,,,,,,,0.030548095703125
2025-11-23T17:17:39.067649,3,1000000,uniform,btree,order=32,69.41009999718517,4011.8000033544376,,,,,,,,,,,,12.710708618164062
2025-11-23T17:17:39.067649,3,1000000,uniform,btree,order=64,55.083300001570024,4894.800003967248,,,,,,,,,,,,10.090316772460938
2025-11-23T17:17:39.067649,3,1000000,uniform,btree,order=128,37.21439999935683,6054.1999991983175,,,,,,,,,,,,8.840621948242188
2025-11-23T17:17:39.067649,3,1000000,uniform,btree,order=256,32.66710000025341,7397.999987006187,,,,,,,,,,,,8.230422973632812
2025-11-23T17:17:39.067649,3,1000000,uniform,linear_fixed,window=64,38.260200002696365,7276.999996975064,0.13076923076923078,64,,0.8692307692307693,191,261,1294.6153846153845,1326.1061946902655,520,452,36.27299999789102,0.00023651123046875
2025-11-23T17:17:39.067649,3,1000000,uniform,linear_fixed,window=128,38.27939999609953,7286.200008820742,0.2519230769230769,128,,0.7480769230769231,128,261,1384.6153846153845,1320.051413881748,520,389,36.010299998451956,0.00023651123046875
2025-11-23T17:17:39.067649,3,1000000,uniform,linear_fixed,window=256,38.19469999871217,6890.3999926988035,0.4403846153846154,256,,0.5596153846153846,30,261,1399.2307692307693,1253.2646048109966,520,291,36.18509999796515,0.00023651123046875
2025-11-23T17:17:39.067649,3,1000000,uniform,linear_fixed,window=512,36.999999996623956,6662.799991318025,0.4980769230769231,512,,0.5019230769230769,0,261,1363.076923076923,1216.0919540229886,520,261,34.98740000213729,0.00023651123046875
2025-11-23T17:17:39.067649,3,1000000,uniform,linear_fixed,window=1024,37.72980000212556,6719.6000018157065,0.4980769230769231,1024,,0.5019230769230769,0,261,1399.0384615384614,1255.5555555555557,520,261,35.661699999764096,0.00023651123046875
2025-11-23T17:17:39.067649,3,1000000,uniform,pgm,eps=64,280.47890000016196,64296.600001398474,0.4980769230769231,64,,1.0,259,261,,,,,,7.89154052734375
2025-11-23T17:17:39.067649,3,1000000,uniform,pgm,eps=128,230.90679999586428,24155.199993401766,0.4980769230769231,128,,1.0,259,261,,,,,,7.72369384765625
2025-11-23T17:17:39.067649,3,1000000,uniform,pgm,eps=256,221.0315999982413,14550.599997164682,0.4980769230769231,256,,1.0,259,261,,,,,,7.678955078125
2025-11-23T17:17:39.067649,3,1000000,uniform,linear_adaptive,"quantile=0.99,minW=8",37.19220000493806,6825.4000070737675,0.4980769230769231,442,,0.5019230769230769,0,261,1352.6923076923076,1230.6513409961685,520,261,33.8975999984541,0.00023651123046875
2025-11-23T17:17:39.067649,3,1000000,uniform,linear_adaptive,"quantile=0.99,minW=16",40.992100002767984,6783.000004361384,0.4980769230769231,442,,0.5019230769230769,0,261,1361.3461538461538,1220.6896551724137,520,261,37.57620000396855,0.00023651123046875
2025-11-23T17:17:39.067649,3,1000000,uniform,linear_adaptive,"quantile=0.99,minW=32",41.49190000316594,8850.199999869801,0.4980769230769231,442,,0.5019230769230769,0,261,1667.5,1411.8773946360154,520,261,37.588499995763414,0.00023651123046875
2025-11-23T17:17:39.067649,3,1000000,uniform,linear_adaptive,"quantile=0.995,minW=8",39.61870000057388,6807.400000980124,0.4980769230769231,470,,0.5019230769230769,0,261,1345.0,1215.3256704980843,520,261,36.279099993407726,0.00023651123046875
2025-11-23T17:17:39.067649,3,1000000,uniform,linear_adaptive,"quantile=0.995,minW=16",37.133999998332,6804.799995734356,0.4980769230769231,470,,0.5019230769230769,0,261,1328.6538461538462,1217.6245210727968,520,261,34.33099999529077,0.00023651123046875
2025-11-23T17:17:39.067649,3,1000000,uniform,linear_adaptive,"quantile=0.995,minW=32",37.35570000571897,6771.400003344752,0.4980769230769231,470,,0.5019230769230769,0,261,1330.576923076923,1204.2145593869732,520,261,34.56390000064857,0.00023651123046875
2025-11-23T17:17:39.067649,3,1000000,uniform,linear_adaptive,"quantile=0.999,minW=8",43.561699996644165,7014.799994067289,0.4980769230769231,508,,0.5019230769230769,0,261,1420.1923076923076,1300.3831417624522,520,261,40.76120000536321,0.00023651123046875
2025-11-23T17:17:39.067649,3,1000000,uniform,linear_adaptive,"quantile=0.999,minW=16",38.7849999970058,6775.200003175996,0.4980769230769231,508,,0.5019230769230769,0,261,1342.6923076923076,1201.1494252873563,520,261,35.90740000072401,0.00023651123046875
2025-11-23T17:17:39.067649,3,1000000,uniform,linear_adaptive,"quantile=0.999,minW=32",37.17699999833712,6860.000008600764,0.4980769230769231,508,,0.5019230769230769,0,261,1377.3076923076924,1219.9233716475096,520,261,34.35190000163857,0.00023651123046875
2025-11-23T17:17:39.067649,3,1000000,uniform,kraska_single,type=linear,63.69599999743514,4459.200004930608,0.4980769230769231,442,142.4075,,,,,,,,,1.52587890625e-05
2025-11-23T17:17:39.067649,3,1000000,uniform,kraska_single,type=polynomial,120.41899999894667,7717.800006503239,0.49230769230769234,420,129.1035,,,,,,,,,2.288818359375e-05
2025-11-23T17:17:39.067649,3,1000000,uniform,kraska_rmi,"stages=[1,10]",130.80859999899985,8207.599996239878,0.49230769230769234,2579,1368.0506,,,,,,,,,0.000335693359375
2025-11-23T17:17:39.067649,3,1000000,uniform,kraska_rmi,"stages=[1,100]",121.68169999495149,8248.600002843887,0.49038461538461536,5575,2925.8239,,,,,,,,,0.003082275390625
2025-11-23T17:17:39.067649,3,1000000,uniform,kraska_rmi,"stages=[1,1000]",137.2367999938433,8323.0000018375,0.49038461538461536,23723,11880.8127,,,,,,,,,0.030548095703125
2025-11-23T17:17:41.334617,3,1000000,mixed,btree,order=32,77.42499999585561,4119.599994737655,,,,,,,,,,,,12.710708618164062
2025-11-23T17:17:41.334617,3,1000000,mixed,btree,order=64,44.18930000247201,4834.799998207018,,,,,,,,,,,,10.090316772460938
2025-11-23T17:17:41.334617,3,1000000,mixed,btree,order=128,37.0208999956958,6030.000004102476,,,,,,,,,,,,8.840621948242188
2025-11-23T17:17:41.334617,3,1000000,mixed,btree,order=256,32.72119999746792,7759.000000078231,,,,,,,,,,,,8.230422973632812
2025-11-23T17:17:41.334617,3,1000000,mixed,linear_fixed,window=64,37.29810000368161,7575.199997518212,0.0038461538461538464,64,,0.9961538461538462,259,259,1295.7692307692307,1438.2239382239381,520,518,35.20089999801712,0.00023651123046875
2025-11-23T17:17:41.334617,3,1000000,mixed,linear_fixed,window=128,37.14329999638721,7386.199999018572,0.0038461538461538464,128,,0.9961538461538462,259,259,1268.4615384615386,1306.7567567567567,520,518,34.987099999852944,0.00023651123046875
2025-11-23T17:17:41.334617,3,1000000,mixed,linear_fixed,window=256,36.44519999943441,7529.399998020381,0.0057692307692307696,256,,0.9942307692307693,258,259,1319.0384615384614,1358.4139264990329,520,517,34.636099997442216,0.00023651123046875
2025-11-23T17:17:41.334617,3,1000000,mixed,linear_fixed,window=512,36.095000003115274,7630.799998878501,0.0057692307692307696,512,,0.9942307692307693,258,259,1326.5384615384614,1393.6170212765958,520,517,34.19399999984307,0.00023651123046875
2025-11-23T17:17:41.334617,3,1000000,mixed,linear_fixed,window=1024,36.84880000218982,7693.2000083616,0.0057692307692307696,1024,,0.9942307692307693,258,259,1433.076923076923,1367.8916827852997,520,517,34.8433000035584,0.00023651123046875
2025-11-23T17:17:41.334617,3,1000000,mixed,pgm,eps=64,280.52100000059,64229.99998903833,0.5019230769230769,64,,1.0,261,259,,,,,,7.89630126953125
2025-11-23T17:17:41.334617,3,1000000,mixed,pgm,eps=128,239.35360000177752,29903.200003900565,0.5019230769230769,128,,1.0,261,259,,,,,,7.74847412109375
2025-11-23T17:17:41.334617,3,1000000,mixed,pgm,eps=256,231.88249999657273,19457.20000367146,0.5019230769230769,256,,1.0,261,259,,,,,,7.7000732421875
2025-11-23T17:17:41.334617,3,1000000,mixed,linear_adaptive,"quantile=0.99,minW=8",36.95500000321772,6893.800004036166,0.4980769230769231,142221,,0.5019230769230769,2,259,1528.2692307692307,1135.2490421455939,520,261,33.85059999709483,0.00023651123046875
2025-11-23T17:17:41.334617,3,1000000,mixed,linear_adaptive,"quantile=0.99,minW=16",38.28290000092238,7198.599996627308,0.4980769230769231,142221,,0.5019230769230769,2,259,1691.7307692307693,1194.2528735632184,520,261,34.95420000399463,0.00023651123046875
2025-11-23T17:17:41.334617,3,1000000,mixed,linear_adaptive,"quantile=0.99,minW=32",46.55369999818504,7276.599993929267,0.4980769230769231,142221,,0.5019230769230769,2,259,1683.8461538461538,1174.712643678161,520,261,43.16629999811994,0.00023651123046875
2025-11-23T17:17:41.334617,3,1000000,mixed,linear_adaptive,"quantile=0.995,minW=8",42.14959999808343,7291.600006283261,0.4980769230769231,142564,,0.5019230769230769,2,259,1706.7307692307693,1214.942528735632,520,261,38.708399995812215,0.00023651123046875
2025-11-23T17:17:41.334617,3,1000000,mixed,linear_adaptive,"quantile=0.995,minW=16",38.60500000155298,6950.399998459034,0.4980769230769231,142564,,0.5019230769230769,2,259,1599.423076923077,1142.1455938697318,520,261,35.25909999734722,0.00023651123046875
2025-11-23T17:17:41.334617,3,1000000,mixed,linear_adaptive,"quantile=0.995,minW=32",38.88030000234721,7297.199990716763,0.4980769230769231,142564,,0.5019230769230769,2,259,1640.0,1194.2528735632184,520,261,35.43609999906039,0.00023651123046875
2025-11-23T17:17:41.334617,3,1000000,mixed,linear_adaptive,"quantile=0.999,minW=8",38.39280000102008,7301.999998162501,0.5019230769230769,142696,,0.4980769230769231,0,259,1708.076923076923,1200.0,520,259,35.671799996634945,0.00023651123046875
2025-11-23T17:17:41.334617,3,1000000,mixed,linear_adaptive,"quantile=0.999,minW=16",36.93619999830844,6988.399996771477,0.5019230769230769,142696,,0.4980769230769231,0,259,1598.6538461538462,1206.177606177606,520,259,34.23399999883259,0.00023651123046875
2025-11-23T17:17:41.334617,3,1000000,mixed,linear_adaptive,"quantile=0.999,minW=32",36.47630000341451,7228.999995277263,0.5019230769230769,142696,,0.4980769230769231,0,259,1640.1923076923076,1175.6756756756756,520,259,33.912699997017626,0.00023651123046875
2025-11-23T17:17:41.334617,3,1000000,mixed,kraska_single,type=linear,61.51829999726033,4948.999994667247,0.4980769230769231,142210,68580.0517,,,,,,,,,1.52587890625e-05
2025-11-23T17:17:41.334617,3,1000000,mixed,kraska_single,type=polynomial,117.72009999549482,7962.400006363168,0.4980769230769231,142213,68580.0027,,,,,,,,,2.288818359375e-05
2025-11-23T17:17:41.334617,3,1000000,mixed,kraska_rmi,"stages=[1,10]",132.61359999887645,8653.800003230572,0.49230769230769234,592238,295526.746,,,,,,,,,0.000335693359375
2025-11-23T17:17:41.334617,3,1000000,mixed,kraska_rmi,"stages=[1,100]",124.56029999884777,8631.799995782785,0.49230769230769234,597451,298458.6674,,,,,,,,,0.003082275390625
2025-11-23T17:17:41.334617,3,1000000,mixed,kraska_rmi,"stages=[1,1000]",137.23160000517964,8496.800001012161,0.5,608592,304436.5471,,,,,,,,,0.030548095703125
