timestamp,cycle,dataset_size,distribution,model,params,build_ms,lookup_ns,accuracy,fallback_rate,false_neg,not_found,local_avg_ns,fallback_avg_ns,local_calls,fallback_calls,fit_ms,memory_mb
2025-11-23T14:52:52.990630,1,10000,seq,btree,order=32,1.9391000023460947,6500.199997390155,,,,,,,,,,0.1273956298828125
2025-11-23T14:52:52.990630,1,10000,seq,btree,order=64,0.7115000043995678,5385.799995565321,,,,,,,,,,0.1011505126953125
2025-11-23T14:52:52.990630,1,10000,seq,btree,order=128,0.6327999944915064,7368.699996732175,,,,,,,,,,0.0884857177734375
2025-11-23T14:52:52.990630,1,10000,seq,btree,order=256,0.8232999971369281,3989.20000588987,,,,,,,,,,0.0825347900390625
2025-11-23T14:52:52.990630,1,10000,seq,linear_fixed,window=64,0.7968999998411164,9415.099993930198,0.5,0.5,0,500,1691.6,1497.2,1000,500,0.7022000063443556,0.00023651123046875
2025-11-23T14:52:52.990630,1,10000,seq,linear_fixed,window=128,0.44239999988349155,9222.399996360764,0.5,0.5,0,500,1679.0,1487.6,1000,500,0.39570000080857426,0.00023651123046875
2025-11-23T14:52:52.990630,1,10000,seq,linear_fixed,window=256,0.43030000233557075,9719.699999550357,0.5,0.5,0,500,1724.3,1621.2,1000,500,0.3713999976753257,0.00023651123046875
2025-11-23T14:52:52.990630,1,10000,seq,linear_fixed,window=512,0.4374999989522621,9684.199998446275,0.5,0.5,0,500,1712.1,1600.2,1000,500,0.392399997508619,0.00023651123046875
2025-11-23T14:52:52.990630,1,10000,seq,linear_fixed,window=1024,0.40869999793358147,9304.899998824112,0.5,0.5,0,500,1684.6,1506.0,1000,500,0.3690000012284145,0.00023651123046875
2025-11-23T14:52:52.990630,1,10000,seq,pgm,eps=16,3.235399999539368,2001.3000030303374,0.5,0.5,0,500,,,,,,0.07659912109375
2025-11-23T14:52:52.990630,1,10000,seq,pgm,eps=32,2.8875999996671453,2355.199998419266,0.5,0.5,0,500,,,,,,0.07659912109375
2025-11-23T14:52:52.990630,1,10000,seq,pgm,eps=64,2.8902999983984046,2232.200000435114,0.5,0.5,0,500,,,,,,0.07659912109375
2025-11-23T14:52:52.990630,1,10000,seq,pgm,eps=128,2.8928000028827228,2194.700005929917,0.5,0.5,0,500,,,,,,0.07659912109375
2025-11-23T14:52:52.990630,1,10000,seq,pgm,eps=256,3.1197999996948056,2120.099998137448,0.5,0.5,0,500,,,,,,0.07659912109375
2025-11-23T14:52:52.990630,1,10000,seq,linear_adaptive,"quantile=0.99,minW=8",0.8649000010336749,9702.700001071207,0.5,0.5,0,500,1699.9,1568.4,1000,500,0.38700000004610047,0.00023651123046875
2025-11-23T14:52:52.990630,1,10000,seq,linear_adaptive,"quantile=0.99,minW=16",0.7993000035639852,10014.799998316448,0.5,0.5,0,500,1753.3,1587.6,1000,500,0.4426000014063902,0.00023651123046875
2025-11-23T14:52:52.990630,1,10000,seq,linear_adaptive,"quantile=0.99,minW=32",0.6280000015976839,9375.900001032278,0.5,0.5,0,500,1659.0,1500.4,1000,500,0.357000004441943,0.00023651123046875
2025-11-23T14:52:52.990630,1,10000,seq,linear_adaptive,"quantile=0.995,minW=8",0.6083999978727661,9347.200000775047,0.5,0.5,0,500,1659.4,1572.0,1000,500,0.35710000520339236,0.00023651123046875
2025-11-23T14:52:52.990630,1,10000,seq,linear_adaptive,"quantile=0.995,minW=16",0.5947000026935712,13482.100002875086,0.5,0.5,0,500,2378.0,2086.8,1000,500,0.3447999988566153,0.00023651123046875
2025-11-23T14:52:52.990630,1,10000,seq,linear_adaptive,"quantile=0.995,minW=32",0.9923999969032593,11771.899997256696,0.5,0.5,0,500,2058.4,1881.8,1000,500,0.5724000002373941,0.00023651123046875
2025-11-23T14:52:52.990630,1,10000,seq,linear_adaptive,"quantile=0.999,minW=8",0.9539999955450185,14831.69999846723,0.5,0.5,0,500,2534.3,2266.0,1000,500,0.5278000026009977,0.00023651123046875
2025-11-23T14:52:52.990630,1,10000,seq,linear_adaptive,"quantile=0.999,minW=16",1.0275000022375025,11729.40000105882,0.5,0.5,0,500,2069.2,1827.8,1000,500,0.5808999994769692,0.00023651123046875
2025-11-23T14:52:52.990630,1,10000,seq,linear_adaptive,"quantile=0.999,minW=32",0.9980000031646341,9096.000001591165,0.5,0.5,0,500,1612.8,1448.2,1000,500,0.4728999992948957,0.00023651123046875
2025-11-23T14:52:53.223622,1,10000,uniform,btree,order=32,0.9037999989232048,3904.999997757841,,,,,,,,,,0.1273956298828125
2025-11-23T14:52:53.223622,1,10000,uniform,btree,order=64,0.6759999960195273,4134.199996769894,,,,,,,,,,0.1011505126953125
2025-11-23T14:52:53.223622,1,10000,uniform,btree,order=128,0.5747999966843054,4558.399996312801,,,,,,,,,,0.0884857177734375
2025-11-23T14:52:53.223622,1,10000,uniform,btree,order=256,0.5070999977760948,3282.400000898633,,,,,,,,,,0.0825347900390625
2025-11-23T14:52:53.223622,1,10000,uniform,linear_fixed,window=64,0.42129999928874895,12636.299994483124,0.5,0.5,0,500,2202.1,2208.0,1000,500,0.39850000030128285,0.00023651123046875
2025-11-23T14:52:53.223622,1,10000,uniform,linear_fixed,window=128,0.4897999970125966,9445.49999985611,0.5,0.5,0,500,1745.3,1514.2,1000,500,0.4315999976824969,0.00023651123046875
2025-11-23T14:52:53.223622,1,10000,uniform,linear_fixed,window=256,0.4926000037812628,9165.399998892099,0.5,0.5,0,500,1666.3,1542.0,1000,500,0.43909999658353627,0.00023651123046875
2025-11-23T14:52:53.223622,1,10000,uniform,linear_fixed,window=512,0.4117999997106381,9587.300002749544,0.5,0.5,0,500,1762.0,1531.8,1000,500,0.3741999971680343,0.00023651123046875
2025-11-23T14:52:53.223622,1,10000,uniform,linear_fixed,window=1024,0.5046000005677342,9598.799995728768,0.5,0.5,0,500,1799.8,1551.6,1000,500,0.4459999981918372,0.00023651123046875
2025-11-23T14:52:53.223622,1,10000,uniform,pgm,eps=16,9.28810000186786,7825.900000170805,0.5,1.0,500,500,,,,,,0.08953857421875
2025-11-23T14:52:53.223622,1,10000,uniform,pgm,eps=32,7.337099996220786,5608.700004813727,0.5,1.0,500,500,,,,,,0.08331298828125
2025-11-23T14:52:53.223622,1,10000,uniform,pgm,eps=64,4.225600001518615,3535.2999984752387,0.5,1.0,500,500,,,,,,0.0777587890625
2025-11-23T14:52:53.223622,1,10000,uniform,pgm,eps=128,3.993600003013853,2503.600000636652,0.5,1.0,500,500,,,,,,0.07733154296875
2025-11-23T14:52:53.223622,1,10000,uniform,pgm,eps=256,3.1572000007145107,2338.4000014630146,0.5,1.0,500,500,,,,,,0.07720947265625
2025-11-23T14:52:53.223622,1,10000,uniform,linear_adaptive,"quantile=0.99,minW=8",0.6152999994810671,9081.899996090215,0.492,0.508,8,500,1628.1,1454.9212598425197,1000,508,0.33880000410135835,0.00023651123046875
2025-11-23T14:52:53.223622,1,10000,uniform,linear_adaptive,"quantile=0.99,minW=16",0.7257999968715012,9506.200003670529,0.492,0.508,8,500,1702.1,1494.6850393700788,1000,508,0.37910000537522137,0.00023651123046875
2025-11-23T14:52:53.223622,1,10000,uniform,linear_adaptive,"quantile=0.99,minW=32",0.6135000003268942,9148.19999889005,0.492,0.508,8,500,1634.7,1471.0629921259842,1000,508,0.3693000035127625,0.00023651123046875
2025-11-23T14:52:53.223622,1,10000,uniform,linear_adaptive,"quantile=0.995,minW=8",0.6089999951655045,8931.299998948816,0.497,0.503,3,500,1609.1,1474.751491053678,1000,503,0.38860000495333225,0.00023651123046875
2025-11-23T14:52:53.223622,1,10000,uniform,linear_adaptive,"quantile=0.995,minW=16",0.5681999973603524,11594.999996304978,0.497,0.503,3,500,2121.6,1872.1669980119284,1000,503,0.36099999852012843,0.00023651123046875
2025-11-23T14:52:53.223622,1,10000,uniform,linear_adaptive,"quantile=0.995,minW=32",0.8696999939274974,13902.399994549341,0.497,0.503,3,500,2586.9,2276.7395626242546,1000,503,0.5095000014989637,0.00023651123046875
2025-11-23T14:52:53.223622,1,10000,uniform,linear_adaptive,"quantile=0.999,minW=8",0.8937000020523556,10662.79999940889,0.5,0.5,0,500,1931.3,1754.6,1000,500,0.5412000027718022,0.00023651123046875
2025-11-23T14:52:53.223622,1,10000,uniform,linear_adaptive,"quantile=0.999,minW=16",0.727099999494385,10846.00000467617,0.5,0.5,0,500,1929.0,1791.2,1000,500,0.4259999986970797,0.00023651123046875
2025-11-23T14:52:53.223622,1,10000,uniform,linear_adaptive,"quantile=0.999,minW=32",0.5821999948238954,9188.299998641014,0.5,0.5,0,500,1645.4,1587.6,1000,500,0.32929999724728987,0.00023651123046875
2025-11-23T14:52:53.496962,1,10000,mixed,btree,order=32,0.9770000033313408,3883.600002154708,,,,,,,,,,0.1273956298828125
2025-11-23T14:52:53.496962,1,10000,mixed,btree,order=64,1.1897000003955327,7034.900001599453,,,,,,,,,,0.1011505126953125
2025-11-23T14:52:53.496962,1,10000,mixed,btree,order=128,1.0054000013042241,4960.899997968227,,,,,,,,,,0.0884857177734375
2025-11-23T14:52:53.496962,1,10000,mixed,btree,order=256,0.5244999993010424,4304.200003389269,,,,,,,,,,0.0825347900390625
2025-11-23T14:52:53.496962,1,10000,mixed,linear_fixed,window=64,0.5975000021862797,11705.099997925572,0.035,0.965,465,500,1884.9,1711.0880829015543,1000,965,0.5376999979489483,0.00023651123046875
2025-11-23T14:52:53.496962,1,10000,mixed,linear_fixed,window=128,0.48710000555729493,13245.400004961994,0.066,0.934,434,500,2142.8,1977.6231263383297,1000,934,0.43849999929079786,0.00023651123046875
2025-11-23T14:52:53.496962,1,10000,mixed,linear_fixed,window=256,0.48010000318754464,12558.999995235354,0.113,0.887,387,500,2064.5,1898.3089064261555,1000,887,0.42799999937415123,0.00023651123046875
2025-11-23T14:52:53.496962,1,10000,mixed,linear_fixed,window=512,0.4541000016615726,11203.499998373445,0.204,0.796,296,500,1897.2,1665.5778894472362,1000,796,0.40559999615652487,0.00023651123046875
2025-11-23T14:52:53.496962,1,10000,mixed,linear_fixed,window=1024,0.47340000310214236,10341.19999530958,0.385,0.615,115,500,1868.0,1593.9837398373984,1000,615,0.41969999438151717,0.00023651123046875
2025-11-23T14:52:53.496962,1,10000,mixed,pgm,eps=16,9.603799997421447,7330.8999999426305,0.5,0.983,483,500,,,,,,0.0897216796875
2025-11-23T14:52:53.496962,1,10000,mixed,pgm,eps=32,5.391099999542348,5547.9999937233515,0.5,0.977,477,500,,,,,,0.08294677734375
2025-11-23T14:52:53.496962,1,10000,mixed,pgm,eps=64,7.009699998889118,3842.49999478925,0.5,0.967,467,500,,,,,,0.0810546875
2025-11-23T14:52:53.496962,1,10000,mixed,pgm,eps=128,4.021599997940939,2981.1999993398786,0.5,0.951,451,500,,,,,,0.078857421875
2025-11-23T14:52:53.496962,1,10000,mixed,pgm,eps=256,3.377000000909902,2760.8999953372404,0.5,0.931,431,500,,,,,,0.07769775390625
2025-11-23T14:52:53.496962,1,10000,mixed,linear_adaptive,"quantile=0.99,minW=8",0.6691999951726757,9653.399996750522,0.496,0.504,4,500,1842.7,1543.2539682539682,1000,504,0.3469000002951361,0.00023651123046875
2025-11-23T14:52:53.496962,1,10000,mixed,linear_adaptive,"quantile=0.99,minW=16",0.6932999967830256,9109.500002523419,0.496,0.504,4,500,1682.2,1439.2857142857142,1000,504,0.41649999911896884,0.00023651123046875
2025-11-23T14:52:53.496962,1,10000,mixed,linear_adaptive,"quantile=0.99,minW=32",0.9804000001167879,9040.600001753774,0.496,0.504,4,500,1674.1,1434.5238095238096,1000,504,0.7258000041474588,0.00023651123046875
2025-11-23T14:52:53.496962,1,10000,mixed,linear_adaptive,"quantile=0.995,minW=8",0.575300000491552,9063.700003025588,0.499,0.501,1,500,1681.1,1438.5229540918165,1000,501,0.3510999958962202,0.00023651123046875
2025-11-23T14:52:53.496962,1,10000,mixed,linear_adaptive,"quantile=0.995,minW=16",0.5773000011686236,9062.499993888196,0.499,0.501,1,500,1674.4,1448.7025948103792,1000,501,0.3569999971659854,0.00023651123046875
2025-11-23T14:52:53.496962,1,10000,mixed,linear_adaptive,"quantile=0.995,minW=32",0.5894999994779937,9483.000001637265,0.499,0.501,1,500,1737.2,1482.435129740519,1000,501,0.3815000018221326,0.00023651123046875
2025-11-23T14:52:53.496962,1,10000,mixed,linear_adaptive,"quantile=0.999,minW=8",0.6408999979612418,9173.500002361834,0.5,0.5,0,500,1704.4,1447.0,1000,500,0.3956000000471249,0.00023651123046875
2025-11-23T14:52:53.496962,1,10000,mixed,linear_adaptive,"quantile=0.999,minW=16",0.5827999993925914,9085.30000015162,0.5,0.5,0,500,1698.1,1449.4,1000,500,0.33480000274721533,0.00023651123046875
2025-11-23T14:52:53.496962,1,10000,mixed,linear_adaptive,"quantile=0.999,minW=32",0.5537999968510121,9586.699998180848,0.5,0.5,0,500,1785.8,1443.0,1000,500,0.33310000435449183,0.00023651123046875
2025-11-23T14:52:53.834748,1,50000,seq,btree,order=32,5.363500000385102,4405.599996971432,,,,,,,,,,0.6358184814453125
2025-11-23T14:52:53.834748,1,50000,seq,btree,order=64,47.60130000067875,5462.000000989065,,,,,,,,,,0.5047454833984375
2025-11-23T14:52:53.834748,1,50000,seq,btree,order=128,2.7884999944944866,6596.799998078495,,,,,,,,,,0.4423370361328125
2025-11-23T14:52:53.834748,1,50000,seq,btree,order=256,2.3467000064556487,8510.600004228763,,,,,,,,,,0.4116668701171875
2025-11-23T14:52:53.834748,1,50000,seq,linear_fixed,window=64,2.454800000123214,9197.100000164937,0.5,0.5,0,500,1643.3,1481.6,1000,500,2.2773999953642488,0.00023651123046875
2025-11-23T14:52:53.834748,1,50000,seq,linear_fixed,window=128,1.8650000056368299,9431.59999587806,0.5,0.5,0,500,1742.7,1507.4,1000,500,1.7903999978443608,0.00023651123046875
2025-11-23T14:52:53.834748,1,50000,seq,linear_fixed,window=256,1.8193999931099825,14172.000002872664,0.5,0.5,0,500,3129.8,2148.8,1000,500,1.7328999965684488,0.00023651123046875
2025-11-23T14:52:53.834748,1,50000,seq,linear_fixed,window=512,2.0509000023594126,9545.900000375696,0.5,0.5,0,500,1792.1,1509.8,1000,500,1.9430000029387884,0.00023651123046875
2025-11-23T14:52:53.834748,1,50000,seq,linear_fixed,window=1024,1.8071999948006123,9569.800000463147,0.5,0.5,0,500,1720.2,1567.6,1000,500,1.7223000031663105,0.00023651123046875
2025-11-23T14:52:53.834748,1,50000,seq,pgm,eps=16,13.956100003269967,1969.5000009960495,0.5,0.5,0,500,,,,,,0.38177490234375
2025-11-23T14:52:53.834748,1,50000,seq,pgm,eps=32,14.9743000001763,2308.300005097408,0.5,0.5,0,500,,,,,,0.38177490234375
2025-11-23T14:52:53.834748,1,50000,seq,pgm,eps=64,13.833800003340002,2172.2000019508414,0.5,0.5,0,500,,,,,,0.38177490234375
2025-11-23T14:52:53.834748,1,50000,seq,pgm,eps=128,14.254299996537156,2179.499999328982,0.5,0.5,0,500,,,,,,0.38177490234375
2025-11-23T14:52:53.834748,1,50000,seq,pgm,eps=256,13.724199998250697,2273.0999990017153,0.5,0.5,0,500,,,,,,0.38177490234375
2025-11-23T14:52:53.834748,1,50000,seq,linear_adaptive,"quantile=0.99,minW=8",2.50429999869084,9168.500000669155,0.5,0.5,0,500,1612.8,1503.2,1000,500,1.8482999948901124,0.00023651123046875
2025-11-23T14:52:53.834748,1,50000,seq,linear_adaptive,"quantile=0.99,minW=16",2.229600002465304,10207.100000116043,0.5,0.5,0,500,1779.1,1713.8,1000,500,1.6820000018924475,0.00023651123046875
2025-11-23T14:52:53.834748,1,50000,seq,linear_adaptive,"quantile=0.99,minW=32",2.224900003056973,9365.400001115631,0.5,0.5,0,500,1759.2,1504.6,1000,500,1.6470000045956112,0.00023651123046875
2025-11-23T14:52:53.834748,1,50000,seq,linear_adaptive,"quantile=0.995,minW=8",2.265299997816328,9086.700003535952,0.5,0.5,0,500,1587.6,1483.8,1000,500,1.6803999969852157,0.00023651123046875
2025-11-23T14:52:53.834748,1,50000,seq,linear_adaptive,"quantile=0.995,minW=16",2.188999998907093,9128.60000244109,0.5,0.5,0,500,1630.5,1472.0,1000,500,1.651599995966535,0.00023651123046875
2025-11-23T14:52:53.834748,1,50000,seq,linear_adaptive,"quantile=0.995,minW=32",2.1705999970436096,9272.899995266926,0.5,0.5,0,500,1610.0,1513.6,1000,500,1.6439999963040464,0.00023651123046875
2025-11-23T14:52:53.834748,1,50000,seq,linear_adaptive,"quantile=0.999,minW=8",2.202999996370636,9264.10000101896,0.5,0.5,0,500,1648.5,1496.6,1000,500,1.6599000009591691,0.00023651123046875
2025-11-23T14:52:53.834748,1,50000,seq,linear_adaptive,"quantile=0.999,minW=16",2.311500000359956,9076.599999389146,0.5,0.5,0,500,1589.4,1472.0,1000,500,1.7240999950445257,0.00023651123046875
2025-11-23T14:52:53.834748,1,50000,seq,linear_adaptive,"quantile=0.999,minW=32",2.938400000857655,11030.20000300603,0.5,0.5,0,500,1959.1,1790.6,1000,500,2.223699993919581,0.00023651123046875
2025-11-23T14:52:54.241350,1,50000,uniform,btree,order=32,4.805900003702845,4978.600001777522,,,,,,,,,,0.6358184814453125
2025-11-23T14:52:54.241350,1,50000,uniform,btree,order=64,3.9175999991130084,5159.200001799036,,,,,,,,,,0.5047454833984375
2025-11-23T14:52:54.241350,1,50000,uniform,btree,order=128,2.8000000020256266,6712.400005199015,,,,,,,,,,0.4423370361328125
2025-11-23T14:52:54.241350,1,50000,uniform,btree,order=256,2.278799998748582,8913.700003176928,,,,,,,,,,0.4116668701171875
2025-11-23T14:52:54.241350,1,50000,uniform,linear_fixed,window=64,1.9111000001430511,9175.700004561804,0.467,0.533,33,500,1648.2,1498.1238273921201,1000,533,1.8070000005536713,0.00023651123046875
2025-11-23T14:52:54.241350,1,50000,uniform,linear_fixed,window=128,1.7516000007162802,9846.300003118813,0.5,0.5,0,500,1785.6,1593.6,1000,500,1.6762999948696233,0.00023651123046875
2025-11-23T14:52:54.241350,1,50000,uniform,linear_fixed,window=256,1.7512999984319322,9631.299995817244,0.5,0.5,0,500,1700.8,1538.0,1000,500,1.6594999979133718,0.00023651123046875
2025-11-23T14:52:54.241350,1,50000,uniform,linear_fixed,window=512,1.7514999999548309,9141.399998043198,0.5,0.5,0,500,1654.4,1502.6,1000,500,1.672300000791438,0.00023651123046875
2025-11-23T14:52:54.241350,1,50000,uniform,linear_fixed,window=1024,1.8408000032650307,9116.40000413172,0.5,0.5,0,500,1670.6,1492.6,1000,500,1.7707000006339513,0.00023651123046875
2025-11-23T14:52:54.241350,1,50000,uniform,pgm,eps=16,42.52000000269618,24837.099997967016,0.5,1.0,500,500,,,,,,0.4466552734375
2025-11-23T14:52:54.241350,1,50000,uniform,pgm,eps=32,26.221799998893403,13404.000004811678,0.5,1.0,500,500,,,,,,0.410888671875
2025-11-23T14:52:54.241350,1,50000,uniform,pgm,eps=64,21.067000001494307,6812.399995396845,0.5,1.0,500,500,,,,,,0.39288330078125
2025-11-23T14:52:54.241350,1,50000,uniform,pgm,eps=128,18.335499997192528,5589.100001088809,0.5,1.0,500,500,,,,,,0.390380859375
2025-11-23T14:52:54.241350,1,50000,uniform,pgm,eps=256,15.106200000445824,2679.999997781124,0.5,1.0,500,500,,,,,,0.38311767578125
2025-11-23T14:52:54.241350,1,50000,uniform,linear_adaptive,"quantile=0.99,minW=8",2.76540000049863,9221.599997545127,0.495,0.505,5,500,1656.9,1521.1881188118812,1000,505,2.0351999992271885,0.00023651123046875
2025-11-23T14:52:54.241350,1,50000,uniform,linear_adaptive,"quantile=0.99,minW=16",2.1884000016143546,10088.499999255873,0.495,0.505,5,500,1853.2,1601.1881188118812,1000,505,1.6340000001946464,0.00023651123046875
2025-11-23T14:52:54.241350,1,50000,uniform,linear_adaptive,"quantile=0.99,minW=32",2.270200006023515,9293.200004321989,0.495,0.505,5,500,1706.1,1540.1980198019803,1000,505,1.6840999960550107,0.00023651123046875
2025-11-23T14:52:54.241350,1,50000,uniform,linear_adaptive,"quantile=0.995,minW=8",2.8348999985610135,9836.999997787643,0.497,0.503,3,500,1786.8,1628.8270377733597,1000,503,2.1010999989812262,0.00023651123046875
2025-11-23T14:52:54.241350,1,50000,uniform,linear_adaptive,"quantile=0.995,minW=16",2.8811999945901334,9656.499998527579,0.497,0.503,3,500,1786.6,1493.4393638170975,1000,503,1.7177999980049208,0.00023651123046875
2025-11-23T14:52:54.241350,1,50000,uniform,linear_adaptive,"quantile=0.995,minW=32",2.241999995021615,9198.100000503473,0.497,0.503,3,500,1663.2,1487.0775347912524,1000,503,1.6699000043445267,0.00023651123046875
2025-11-23T14:52:54.241350,1,50000,uniform,linear_adaptive,"quantile=0.999,minW=8",2.198499998485204,10008.799996285234,0.499,0.501,1,500,1871.2,1591.0179640718563,1000,501,1.6504000013810582,0.00023651123046875
2025-11-23T14:52:54.241350,1,50000,uniform,linear_adaptive,"quantile=0.999,minW=16",2.4775000056251884,9074.200002942234,0.499,0.501,1,500,1632.0,1495.4091816367265,1000,501,1.901800002087839,0.00023651123046875
2025-11-23T14:52:54.241350,1,50000,uniform,linear_adaptive,"quantile=0.999,minW=32",2.923000000009779,14651.099998445716,0.499,0.501,1,500,2684.9,2304.7904191616767,1000,501,1.6949999990174547,0.00023651123046875
2025-11-23T14:52:54.657598,1,50000,mixed,btree,order=32,4.852600002777763,4836.799998884089,,,,,,,,,,0.6358184814453125
2025-11-23T14:52:54.657598,1,50000,mixed,btree,order=64,3.635300003224984,5105.799995362759,,,,,,,,,,0.5047454833984375
2025-11-23T14:52:54.657598,1,50000,mixed,btree,order=128,2.8059999967808835,6332.299999485258,,,,,,,,,,0.4423370361328125
2025-11-23T14:52:54.657598,1,50000,mixed,btree,order=256,2.2449999960372224,8341.399996425025,,,,,,,,,,0.4116668701171875
2025-11-23T14:52:54.657598,1,50000,mixed,linear_fixed,window=64,1.8765000058920123,10249.400002066977,0.006,0.994,494,500,1645.3,1508.8531187122737,1000,994,1.7902000035974197,0.00023651123046875
2025-11-23T14:52:54.657598,1,50000,mixed,linear_fixed,window=128,1.745699999446515,10352.799996326212,0.009,0.991,491,500,1680.0,1550.3531786074673,1000,991,1.6707999966456555,0.00023651123046875
2025-11-23T14:52:54.657598,1,50000,mixed,linear_fixed,window=256,1.7450000013923272,10103.69999858085,0.017,0.983,483,500,1646.5,1497.558494404883,1000,983,1.6684000001987442,0.00023651123046875
2025-11-23T14:52:54.657598,1,50000,mixed,linear_fixed,window=512,1.791699993191287,10117.400001036003,0.034,0.966,466,500,1653.7,1512.5258799171843,1000,966,1.7205000040121377,0.00023651123046875
2025-11-23T14:52:54.657598,1,50000,mixed,linear_fixed,window=1024,1.7228999931830913,10001.400005421601,0.068,0.932,432,500,1653.2,1502.3605150214592,1000,932,1.6491999995196238,0.00023651123046875
2025-11-23T14:52:54.657598,1,50000,mixed,pgm,eps=16,49.43769999954384,26431.600002979394,0.5,1.0,500,500,,,,,,0.452880859375
2025-11-23T14:52:54.657598,1,50000,mixed,pgm,eps=32,25.90549999877112,12513.900001067668,0.5,1.0,500,500,,,,,,0.41058349609375
2025-11-23T14:52:54.657598,1,50000,mixed,pgm,eps=64,21.718700001656543,8900.300003006123,0.5,1.0,500,500,,,,,,0.40020751953125
2025-11-23T14:52:54.657598,1,50000,mixed,pgm,eps=128,18.118100000720005,5260.400001134258,0.5,1.0,500,500,,,,,,0.38946533203125
2025-11-23T14:52:54.657598,1,50000,mixed,pgm,eps=256,15.929199995298404,3209.7999937832355,0.5,1.0,500,500,,,,,,0.3846435546875
2025-11-23T14:52:54.657598,1,50000,mixed,linear_adaptive,"quantile=0.99,minW=8",2.3651000010431744,9306.500003731344,0.493,0.507,7,500,1780.6,1527.2189349112425,1000,507,1.730900003167335,0.00023651123046875
2025-11-23T14:52:54.657598,1,50000,mixed,linear_adaptive,"quantile=0.99,minW=16",2.29609999951208,11265.49999753479,0.493,0.507,7,500,2449.9,1776.1341222879685,1000,507,1.7013000033330172,0.00023651123046875
2025-11-23T14:52:54.657598,1,50000,mixed,linear_adaptive,"quantile=0.99,minW=32",2.4840999976731837,9186.3000052399,0.493,0.507,7,500,1707.0,1520.3155818540433,1000,507,1.7437999995308928,0.00023651123046875
2025-11-23T14:52:54.657598,1,50000,mixed,linear_adaptive,"quantile=0.995,minW=8",2.5756999966688454,9178.100001008715,0.496,0.504,4,500,1717.9,1503.7698412698412,1000,504,1.8113000041921623,0.00023651123046875
2025-11-23T14:52:54.657598,1,50000,mixed,linear_adaptive,"quantile=0.995,minW=16",2.308800001628697,9851.599999819882,0.496,0.504,4,500,1819.0,1572.8174603174602,1000,504,1.7249000011361204,0.00023651123046875
2025-11-23T14:52:54.657598,1,50000,mixed,linear_adaptive,"quantile=0.995,minW=32",2.3342999993474223,9504.699999524746,0.496,0.504,4,500,1743.5,1521.626984126984,1000,504,1.7388999985996634,0.00023651123046875
2025-11-23T14:52:54.657598,1,50000,mixed,linear_adaptive,"quantile=0.999,minW=8",2.234599996882025,9176.899999147281,0.499,0.501,1,500,1723.3,1506.187624750499,1000,501,1.6513000009581447,0.00023651123046875
2025-11-23T14:52:54.657598,1,50000,mixed,linear_adaptive,"quantile=0.999,minW=16",3.937100002076477,10960.600004182197,0.499,0.501,1,500,2086.9,1761.87624750499,1000,501,2.5960999992094003,0.00023651123046875
2025-11-23T14:52:54.657598,1,50000,mixed,linear_adaptive,"quantile=0.999,minW=32",2.284700000018347,10585.500000161119,0.499,0.501,1,500,2184.3,1702.195608782435,1000,501,1.692500001809094,0.00023651123046875
2025-11-23T14:52:55.082139,1,100000,seq,btree,order=32,11.521199994604103,9983.800002373755,,,,,,,,,,1.2713470458984375
2025-11-23T14:52:55.082139,1,100000,seq,btree,order=64,9.90480000473326,5314.300004101824,,,,,,,,,,1.0092010498046875
2025-11-23T14:52:55.082139,1,100000,seq,btree,order=128,5.2533999987645075,6900.799999129958,,,,,,,,,,0.8843841552734375
2025-11-23T14:52:55.082139,1,100000,seq,btree,order=256,5.611800006590784,12880.399997811764,,,,,,,,,,0.8233489990234375
2025-11-23T14:52:55.082139,1,100000,seq,linear_fixed,window=64,4.495000001043081,9112.200001254678,0.5,0.5,0,500,1603.1,1498.0,1000,500,4.310600001190323,0.00023651123046875
2025-11-23T14:52:55.082139,1,100000,seq,linear_fixed,window=128,4.0492999978596345,9045.200000400655,0.5,0.5,0,500,1580.7,1478.8,1000,500,3.918900001735892,0.00023651123046875
2025-11-23T14:52:55.082139,1,100000,seq,linear_fixed,window=256,3.9858999953139573,9139.699999650475,0.5,0.5,0,500,1637.9,1492.6,1000,500,3.87590000173077,0.00023651123046875
2025-11-23T14:52:55.082139,1,100000,seq,linear_fixed,window=512,4.023100002086721,9105.999997700565,0.5,0.5,0,500,1598.2,1473.2,1000,500,3.9092000006348826,0.00023651123046875
2025-11-23T14:52:55.082139,1,100000,seq,linear_fixed,window=1024,3.925199998775497,9081.999996851664,0.5,0.5,0,500,1592.9,1469.6,1000,500,3.7892000036663376,0.00023651123046875
2025-11-23T14:52:55.082139,1,100000,seq,pgm,eps=16,28.07320000283653,2054.6000014292076,0.5,0.5,0,500,,,,,,0.76324462890625
2025-11-23T14:52:55.082139,1,100000,seq,pgm,eps=32,29.224300000350922,2094.4000061717816,0.5,0.5,0,500,,,,,,0.76324462890625
2025-11-23T14:52:55.082139,1,100000,seq,pgm,eps=64,28.647099999943748,2159.9999963655137,0.5,0.5,0,500,,,,,,0.76324462890625
2025-11-23T14:52:55.082139,1,100000,seq,pgm,eps=128,31.61349999572849,2161.500000511296,0.5,0.5,0,500,,,,,,0.76324462890625
2025-11-23T14:52:55.082139,1,100000,seq,pgm,eps=256,27.094099998066667,2199.4999988237396,0.5,0.5,0,500,,,,,,0.76324462890625
2025-11-23T14:52:55.082139,1,100000,seq,linear_adaptive,"quantile=0.99,minW=8",4.87490000523394,9055.499998794403,0.5,0.5,0,500,1593.2,1497.6,1000,500,4.174100002273917,0.00023651123046875
2025-11-23T14:52:55.082139,1,100000,seq,linear_adaptive,"quantile=0.99,minW=16",4.75890000234358,9256.100005586632,0.5,0.5,0,500,1690.2,1500.8,1000,500,4.118600001675077,0.00023651123046875
2025-11-23T14:52:55.082139,1,100000,seq,linear_adaptive,"quantile=0.99,minW=32",4.629700000805315,9169.500001007691,0.5,0.5,0,500,1596.1,1499.8,1000,500,3.972099999373313,0.00023651123046875
2025-11-23T14:52:55.082139,1,100000,seq,linear_adaptive,"quantile=0.995,minW=8",4.6462999962386675,9042.199999385048,0.5,0.5,0,500,1607.9,1490.4,1000,500,4.010799995739944,0.00023651123046875
2025-11-23T14:52:55.082139,1,100000,seq,linear_adaptive,"quantile=0.995,minW=16",4.570199998852331,9324.599996034522,0.5,0.5,0,500,1646.0,1547.4,1000,500,3.932100000383798,0.00023651123046875
2025-11-23T14:52:55.082139,1,100000,seq,linear_adaptive,"quantile=0.995,minW=32",4.671700000471901,9025.200000905897,0.5,0.5,0,500,1572.0,1483.6,1000,500,4.071199997270014,0.00023651123046875
2025-11-23T14:52:55.082139,1,100000,seq,linear_adaptive,"quantile=0.999,minW=8",4.7701000003144145,9005.20000141114,0.5,0.5,0,500,1583.5,1489.0,1000,500,4.147300001932308,0.00023651123046875
2025-11-23T14:52:55.082139,1,100000,seq,linear_adaptive,"quantile=0.999,minW=16",4.977000004146248,9067.80000514118,0.5,0.5,0,500,1595.4,1479.4,1000,500,4.334899997047614,0.00023651123046875
2025-11-23T14:52:55.082139,1,100000,seq,linear_adaptive,"quantile=0.999,minW=32",4.669000001740642,9057.600000232924,0.5,0.5,0,500,1580.8,1488.8,1000,500,4.053199998452328,0.00023651123046875
2025-11-23T14:52:55.720962,1,100000,uniform,btree,order=32,8.992799994302914,5683.39999881573,,,,,,,,,,1.2713470458984375
2025-11-23T14:52:55.720962,1,100000,uniform,btree,order=64,7.279599994944874,5461.599997943267,,,,,,,,,,1.0092010498046875
2025-11-23T14:52:55.720962,1,100000,uniform,btree,order=128,5.909999999857973,6857.100001070648,,,,,,,,,,0.8843841552734375
2025-11-23T14:52:55.720962,1,100000,uniform,btree,order=256,4.965000000083819,9186.70000100974,,,,,,,,,,0.8233489990234375
2025-11-23T14:52:55.720962,1,100000,uniform,linear_fixed,window=64,4.58000000071479,9746.700001414865,0.255,0.745,245,500,1657.3,1537.0469798657718,1000,745,4.4350999960443005,0.00023651123046875
2025-11-23T14:52:55.720962,1,100000,uniform,linear_fixed,window=128,4.165799997281283,9484.099995461293,0.459,0.541,41,500,1712.4,1565.988909426987,1000,541,4.050199997436721,0.00023651123046875
2025-11-23T14:52:55.720962,1,100000,uniform,linear_fixed,window=256,4.203099997539539,9877.799995592795,0.5,0.5,0,500,1874.1,1633.6,1000,500,4.070400005730335,0.00023651123046875
2025-11-23T14:52:55.720962,1,100000,uniform,linear_fixed,window=512,4.554200000711717,10857.699999178294,0.5,0.5,0,500,1980.7,1842.2,1000,500,4.372499999590218,0.00023651123046875
2025-11-23T14:52:55.720962,1,100000,uniform,linear_fixed,window=1024,4.766999998537358,9830.900002270937,0.5,0.5,0,500,1770.8,1735.6,1000,500,4.588099996908568,0.00023651123046875
2025-11-23T14:52:55.720962,1,100000,uniform,pgm,eps=16,82.89009999862174,44207.99999934389,0.5,1.0,500,500,,,,,,0.888427734375
2025-11-23T14:52:55.720962,1,100000,uniform,pgm,eps=32,58.787499998288695,22989.60000189254,0.5,1.0,500,500,,,,,,0.821533203125
2025-11-23T14:52:55.720962,1,100000,uniform,pgm,eps=64,48.833499997272156,15672.399997129105,0.5,1.0,500,500,,,,,,0.79168701171875
2025-11-23T14:52:55.720962,1,100000,uniform,pgm,eps=128,43.317499999830034,5698.1000016094185,0.5,1.0,500,500,,,,,,0.77191162109375
2025-11-23T14:52:55.720962,1,100000,uniform,pgm,eps=256,32.21739999571582,5670.200000167824,0.5,0.998,498,500,,,,,,0.77203369140625
2025-11-23T14:52:55.720962,1,100000,uniform,linear_adaptive,"quantile=0.99,minW=8",5.11969999934081,9167.800002614968,0.495,0.505,5,500,1677.6,1544.950495049505,1000,505,4.368100002466235,0.00023651123046875
2025-11-23T14:52:55.720962,1,100000,uniform,linear_adaptive,"quantile=0.99,minW=16",4.839100001845509,9135.89999981923,0.495,0.505,5,500,1668.6,1526.930693069307,1000,505,4.1416000021854416,0.00023651123046875
2025-11-23T14:52:55.720962,1,100000,uniform,linear_adaptive,"quantile=0.99,minW=32",4.604699999617878,9388.900005433243,0.495,0.505,5,500,1715.7,1776.8316831683169,1000,505,3.947199998947326,0.00023651123046875
2025-11-23T14:52:55.720962,1,100000,uniform,linear_adaptive,"quantile=0.995,minW=8",4.656799996155314,14312.699997390155,0.497,0.503,3,500,2718.1,2237.5745526838964,1000,503,3.969899997173343,0.00023651123046875
2025-11-23T14:52:55.720962,1,100000,uniform,linear_adaptive,"quantile=0.995,minW=16",4.908899994916283,9193.500001856592,0.497,0.503,3,500,1687.8,1544.9304174950298,1000,503,4.169400002865586,0.00023651123046875
2025-11-23T14:52:55.720962,1,100000,uniform,linear_adaptive,"quantile=0.995,minW=32",4.5368999999482185,9759.200002008583,0.497,0.503,3,500,1739.6,1586.679920477137,1000,503,3.884099998685997,0.00023651123046875
2025-11-23T14:52:55.720962,1,100000,uniform,linear_adaptive,"quantile=0.999,minW=8",4.688099994382355,9338.80000229692,0.5,0.5,0,500,1696.0,1620.4,1000,500,3.9816999997128733,0.00023651123046875
2025-11-23T14:52:55.720962,1,100000,uniform,linear_adaptive,"quantile=0.999,minW=16",4.615500001818873,9261.800005333498,0.5,0.5,0,500,1682.8,1561.4,1000,500,3.9710999990347773,0.00023651123046875
2025-11-23T14:52:55.720962,1,100000,uniform,linear_adaptive,"quantile=0.999,minW=32",4.696600000897888,9500.600004685111,0.5,0.5,0,500,1733.6,1577.4,1000,500,4.017200000816956,0.00023651123046875
2025-11-23T14:52:56.363186,1,100000,mixed,btree,order=32,9.147199998551514,5686.800002877135,,,,,,,,,,1.2713470458984375
2025-11-23T14:52:56.363186,1,100000,mixed,btree,order=64,9.407999998074956,5192.700002226047,,,,,,,,,,1.0092010498046875
2025-11-23T14:52:56.363186,1,100000,mixed,btree,order=128,5.205300003581215,6562.599999597296,,,,,,,,,,0.8843841552734375
2025-11-23T14:52:56.363186,1,100000,mixed,btree,order=256,4.558500004350208,10399.999999208376,,,,,,,,,,0.8233489990234375
2025-11-23T14:52:56.363186,1,100000,mixed,linear_fixed,window=64,4.188699997030199,10469.500004546717,0.004,0.996,496,500,1665.6,1502.1084337349398,1000,996,4.049199997098185,0.00023651123046875
2025-11-23T14:52:56.363186,1,100000,mixed,linear_fixed,window=128,4.112800001166761,10406.400004285388,0.006,0.994,494,500,1679.5,1536.2173038229375,1000,994,3.989900003944058,0.00023651123046875
2025-11-23T14:52:56.363186,1,100000,mixed,linear_fixed,window=256,4.168999999819789,11558.799997146707,0.013,0.987,487,500,1870.5,1708.611955420466,1000,987,4.0316000013262965,0.00023651123046875
2025-11-23T14:52:56.363186,1,100000,mixed,linear_fixed,window=512,4.326200003561098,10300.300004018936,0.022,0.978,478,500,1678.6,1506.2372188139059,1000,978,4.173499997705221,0.00023651123046875
2025-11-23T14:52:56.363186,1,100000,mixed,linear_fixed,window=1024,4.181900003459305,11194.400001841132,0.047,0.953,453,500,2098.9,1618.9926547743967,1000,953,4.048300004797056,0.00023651123046875
2025-11-23T14:52:56.363186,1,100000,mixed,pgm,eps=16,99.54309999739053,47942.00000469573,0.5,1.0,500,500,,,,,,0.9012451171875
2025-11-23T14:52:56.363186,1,100000,mixed,pgm,eps=32,52.41830000159098,21445.200000016484,0.5,1.0,500,500,,,,,,0.81781005859375
2025-11-23T14:52:56.363186,1,100000,mixed,pgm,eps=64,40.34009999304544,12623.199996596668,0.5,1.0,500,500,,,,,,0.7919921875
2025-11-23T14:52:56.363186,1,100000,mixed,pgm,eps=128,34.635800002433825,7445.500006724615,0.5,1.0,500,500,,,,,,0.7763671875
2025-11-23T14:52:56.363186,1,100000,mixed,pgm,eps=256,33.992299999226816,6032.999997842126,0.5,0.999,499,500,,,,,,0.7724609375
2025-11-23T14:52:56.363186,1,100000,mixed,linear_adaptive,"quantile=0.99,minW=8",5.058800001279451,10540.799994487315,0.49,0.51,10,500,2094.1,1677.0588235294117,1000,510,4.313199999160133,0.00023651123046875
2025-11-23T14:52:56.363186,1,100000,mixed,linear_adaptive,"quantile=0.99,minW=16",5.7010000018635765,10754.7000006889,0.49,0.51,10,500,2133.7,1687.450980392157,1000,510,4.975299998477567,0.00023651123046875
2025-11-23T14:52:56.363186,1,100000,mixed,linear_adaptive,"quantile=0.99,minW=32",5.738799998653121,9344.300000520889,0.49,0.51,10,500,1764.7,1481.764705882353,1000,510,4.933999996865168,0.00023651123046875
2025-11-23T14:52:56.363186,1,100000,mixed,linear_adaptive,"quantile=0.995,minW=8",5.000099998142105,9532.70000172779,0.496,0.504,4,500,1767.2,1816.2698412698412,1000,504,4.306499999074731,0.00023651123046875
2025-11-23T14:52:56.363186,1,100000,mixed,linear_adaptive,"quantile=0.995,minW=16",4.917699996440206,10763.500002212822,0.496,0.504,4,500,2007.9,1744.8412698412699,1000,504,4.197399997792672,0.00023651123046875
2025-11-23T14:52:56.363186,1,100000,mixed,linear_adaptive,"quantile=0.995,minW=32",4.845700001169462,9212.500001012813,0.496,0.504,4,500,1725.3,1475.9920634920634,1000,504,4.149299995333422,0.00023651123046875
2025-11-23T14:52:56.363186,1,100000,mixed,linear_adaptive,"quantile=0.999,minW=8",4.800200003955979,9716.700005810708,0.5,0.5,0,500,1830.0,1515.4,1000,500,4.120500001590699,0.00023651123046875
2025-11-23T14:52:56.363186,1,100000,mixed,linear_adaptive,"quantile=0.999,minW=16",4.770500003360212,11988.00000565825,0.5,0.5,0,500,2274.4,1908.4,1000,500,4.084699998202268,0.00023651123046875
2025-11-23T14:52:56.363186,1,100000,mixed,linear_adaptive,"quantile=0.999,minW=32",5.082200004835613,9492.700002738275,0.5,0.5,0,500,1776.8,1557.6,1000,500,4.399899997224566,0.00023651123046875
2025-11-23T14:52:57.835727,1,500000,seq,btree,order=32,50.07079999631969,5871.299996215384,,,,,,,,,,6.3555755615234375
2025-11-23T14:52:57.835727,1,500000,seq,btree,order=64,69.12310000188882,6779.299998015631,,,,,,,,,,5.0453033447265625
2025-11-23T14:52:57.835727,1,500000,seq,btree,order=128,25.65199999662582,7400.499998766463,,,,,,,,,,4.4204559326171875
2025-11-23T14:52:57.835727,1,500000,seq,btree,order=256,22.332400003506336,10658.499995770399,,,,,,,,,,4.1152801513671875
2025-11-23T14:52:57.835727,1,500000,seq,linear_fixed,window=64,25.839499998255633,9278.700003051199,0.5,0.5,0,500,1671.4,1657.2,1000,500,24.557199998525903,0.00023651123046875
2025-11-23T14:52:57.835727,1,500000,seq,linear_fixed,window=128,22.994800005108118,9158.699998806696,0.5,0.5,0,500,1671.3,1606.8,1000,500,21.7897999973502,0.00023651123046875
2025-11-23T14:52:57.835727,1,500000,seq,linear_fixed,window=256,26.504399997065775,10139.699996216223,0.5,0.5,0,500,1888.9,1790.8,1000,500,25.241499999538064,0.00023651123046875
2025-11-23T14:52:57.835727,1,500000,seq,linear_fixed,window=512,25.38730000378564,9677.90000140667,0.5,0.5,0,500,1814.0,1737.6,1000,500,24.10579999559559,0.00023651123046875
2025-11-23T14:52:57.835727,1,500000,seq,linear_fixed,window=1024,22.991799996816553,9269.099995435681,0.5,0.5,0,500,1722.0,1602.8,1000,500,21.75849999912316,0.00023651123046875
2025-11-23T14:52:57.835727,1,500000,seq,pgm,eps=16,150.60600000288105,3195.6999955582432,0.5,0.5,0,500,,,,,,3.81500244140625
2025-11-23T14:52:57.835727,1,500000,seq,pgm,eps=32,146.89740000176243,2171.2000016123056,0.5,0.5,0,500,,,,,,3.81500244140625
2025-11-23T14:52:57.835727,1,500000,seq,pgm,eps=64,141.07309999963036,2285.2000038255937,0.5,0.5,0,500,,,,,,3.81500244140625
2025-11-23T14:52:57.835727,1,500000,seq,pgm,eps=128,139.54499999817926,2340.5000029015355,0.5,0.5,0,500,,,,,,3.81500244140625
2025-11-23T14:52:57.835727,1,500000,seq,pgm,eps=256,143.8068999996176,2442.900004098192,0.5,0.5,0,500,,,,,,3.81500244140625
2025-11-23T14:52:57.835727,1,500000,seq,linear_adaptive,"quantile=0.99,minW=8",29.136900004232302,11921.199999051169,0.5,0.5,0,500,2112.9,2125.4,1000,500,26.940299998386763,0.00023651123046875
2025-11-23T14:52:57.835727,1,500000,seq,linear_adaptive,"quantile=0.99,minW=16",29.041200003121048,9756.399995239917,0.5,0.5,0,500,1731.1,1817.4,1000,500,26.295999996364117,0.00023651123046875
2025-11-23T14:52:57.835727,1,500000,seq,linear_adaptive,"quantile=0.99,minW=32",23.878699998022057,9373.00000077812,0.5,0.5,0,500,1686.2,1620.0,1000,500,21.746899998106528,0.00023651123046875
2025-11-23T14:52:57.835727,1,500000,seq,linear_adaptive,"quantile=0.995,minW=8",23.610799995367415,9519.899998849723,0.5,0.5,0,500,1642.8,1640.6,1000,500,21.58900000358699,0.00023651123046875
2025-11-23T14:52:57.835727,1,500000,seq,linear_adaptive,"quantile=0.995,minW=16",31.34470000077272,17084.700004488695,0.5,0.5,0,500,2992.0,2757.8,1000,500,28.590000001713634,0.00023651123046875
2025-11-23T14:52:57.835727,1,500000,seq,linear_adaptive,"quantile=0.995,minW=32",27.76589999848511,12441.999999282416,0.5,0.5,0,500,2267.5,2219.8,1000,500,24.950200000603218,0.00023651123046875
2025-11-23T14:52:57.835727,1,500000,seq,linear_adaptive,"quantile=0.999,minW=8",23.60620000399649,10012.400001869537,0.5,0.5,0,500,1830.3,1748.0,1000,500,21.60569999978179,0.00023651123046875
2025-11-23T14:52:57.835727,1,500000,seq,linear_adaptive,"quantile=0.999,minW=16",23.950099996000063,9264.199994504452,0.5,0.5,0,500,1633.5,1628.6,1000,500,21.7871000058949,0.00023651123046875
2025-11-23T14:52:57.835727,1,500000,seq,linear_adaptive,"quantile=0.999,minW=32",27.550499995413702,10361.299995565787,0.5,0.5,0,500,1857.0,1830.8,1000,500,25.24049999919953,0.00023651123046875
2025-11-23T14:53:00.172043,1,500000,uniform,btree,order=32,51.65059999853838,5734.799997298978,,,,,,,,,,6.3555755615234375
2025-11-23T14:53:00.172043,1,500000,uniform,btree,order=64,30.91889999632258,6622.900000365917,,,,,,,,,,5.0453033447265625
2025-11-23T14:53:00.172043,1,500000,uniform,btree,order=128,25.684399995952845,7747.900002868846,,,,,,,,,,4.4204559326171875
2025-11-23T14:53:00.172043,1,500000,uniform,btree,order=256,23.17609999590786,10876.399996050168,,,,,,,,,,4.1152801513671875
2025-11-23T14:53:00.172043,1,500000,uniform,linear_fixed,window=64,30.08360000239918,14191.599999321625,0.067,0.933,433,500,2764.0,2285.530546623794,1000,933,28.86640000360785,0.00023651123046875
2025-11-23T14:53:00.172043,1,500000,uniform,linear_fixed,window=128,28.63219999562716,10273.699997924268,0.185,0.815,315,500,1768.1,1791.0429447852762,1000,815,27.311800004099496,0.00023651123046875
2025-11-23T14:53:00.172043,1,500000,uniform,linear_fixed,window=256,23.31370000320021,9523.500004434027,0.383,0.617,117,500,1778.3,1604.3760129659643,1000,617,22.064799995860085,0.00023651123046875
2025-11-23T14:53:00.172043,1,500000,uniform,linear_fixed,window=512,23.888600000645965,9454.999999434222,0.493,0.507,7,500,1809.5,1715.5818540433925,1000,507,22.62730000074953,0.00023651123046875
2025-11-23T14:53:00.172043,1,500000,uniform,linear_fixed,window=1024,24.435799998173025,9360.7000017073,0.5,0.5,0,500,1841.2,1656.0,1000,500,23.109500005375594,0.00023651123046875
2025-11-23T14:53:00.172043,1,500000,uniform,pgm,eps=16,398.759899995639,226646.99999586446,0.5,1.0,500,500,,,,,,4.45867919921875
2025-11-23T14:53:00.172043,1,500000,uniform,pgm,eps=32,253.82399999944028,97820.70000073873,0.5,1.0,500,500,,,,,,4.09295654296875
2025-11-23T14:53:00.172043,1,500000,uniform,pgm,eps=64,216.5672999981325,54662.79999382095,0.5,1.0,500,500,,,,,,3.947021484375
2025-11-23T14:53:00.172043,1,500000,uniform,pgm,eps=128,175.71020000468707,21900.499996263534,0.5,1.0,500,500,,,,,,3.87152099609375
2025-11-23T14:53:00.172043,1,500000,uniform,pgm,eps=256,156.91249999508727,11781.900000642054,0.5,1.0,500,500,,,,,,3.83758544921875
2025-11-23T14:53:00.172043,1,500000,uniform,linear_adaptive,"quantile=0.99,minW=8",32.41390000039246,10132.60000036098,0.496,0.504,4,500,1965.3,1719.047619047619,1000,504,27.689499998814426,0.00023651123046875
2025-11-23T14:53:00.172043,1,500000,uniform,linear_adaptive,"quantile=0.99,minW=16",26.506800000788644,9382.199998071883,0.496,0.504,4,500,1794.5,1581.547619047619,1000,504,24.021299999731127,0.00023651123046875
2025-11-23T14:53:00.172043,1,500000,uniform,linear_adaptive,"quantile=0.99,minW=32",30.713200001628138,12458.600001991726,0.496,0.504,4,500,2293.5,2097.0238095238096,1000,504,28.029000000969972,0.00023651123046875
2025-11-23T14:53:00.172043,1,500000,uniform,linear_adaptive,"quantile=0.995,minW=8",23.435900002368726,9255.199998733588,0.499,0.501,1,500,1746.9,1573.253493013972,1000,501,21.5063000068767,0.00023651123046875
2025-11-23T14:53:00.172043,1,500000,uniform,linear_adaptive,"quantile=0.995,minW=16",27.73410000372678,10446.000000229105,0.499,0.501,1,500,2046.1,1842.5149700598802,1000,501,25.660100000095554,0.00023651123046875
2025-11-23T14:53:00.172043,1,500000,uniform,linear_adaptive,"quantile=0.995,minW=32",25.86680000240449,9708.500001579523,0.499,0.501,1,500,1900.7,1693.2135728542914,1000,501,22.565600003872532,0.00023651123046875
2025-11-23T14:53:00.172043,1,500000,uniform,linear_adaptive,"quantile=0.999,minW=8",24.687500001164153,9405.700002389494,0.5,0.5,0,500,1855.6,1636.4,1000,500,22.403400005714502,0.00023651123046875
2025-11-23T14:53:00.172043,1,500000,uniform,linear_adaptive,"quantile=0.999,minW=16",24.615399997856002,9216.600003128406,0.5,0.5,0,500,1762.1,1575.0,1000,500,22.560099998372607,0.00023651123046875
2025-11-23T14:53:00.172043,1,500000,uniform,linear_adaptive,"quantile=0.999,minW=32",25.175800001306925,9366.700003738515,0.5,0.5,0,500,1795.9,1667.2,1000,500,23.020399996312335,0.00023651123046875
2025-11-23T14:53:02.615228,1,500000,mixed,btree,order=32,111.12120000325376,5248.499997833278,,,,,,,,,,6.3555755615234375
2025-11-23T14:53:02.615228,1,500000,mixed,btree,order=64,31.052300000737887,6654.199998592958,,,,,,,,,,5.0453033447265625
2025-11-23T14:53:02.615228,1,500000,mixed,btree,order=128,25.294200000644196,7610.799999383744,,,,,,,,,,4.4204559326171875
2025-11-23T14:53:02.615228,1,500000,mixed,btree,order=256,22.040600000764243,10339.699998439755,,,,,,,,,,4.1152801513671875
2025-11-23T14:53:02.615228,1,500000,mixed,linear_fixed,window=64,26.42539999942528,10641.600005328655,0.0,1.0,500,500,1813.3,1713.1,1000,1000,25.119799996900838,0.00023651123046875
2025-11-23T14:53:02.615228,1,500000,mixed,linear_fixed,window=128,28.300099998887163,11187.399999471381,0.001,0.999,499,500,1865.2,1803.903903903904,1000,999,27.03270000347402,0.00023651123046875
2025-11-23T14:53:02.615228,1,500000,mixed,linear_fixed,window=256,24.364900004002266,10258.399997837842,0.002,0.998,498,500,1701.7,1665.0300601202405,1000,998,23.051500000292435,0.00023651123046875
2025-11-23T14:53:02.615228,1,500000,mixed,linear_fixed,window=512,25.454800001170952,10543.699994741473,0.005,0.995,495,500,1799.3,1697.4874371859296,1000,995,24.147700001776684,0.00023651123046875
2025-11-23T14:53:02.615228,1,500000,mixed,linear_fixed,window=1024,25.170900000375696,10404.400003608316,0.01,0.99,490,500,1750.8,1664.3434343434344,1000,990,23.842299997340888,0.00023651123046875
2025-11-23T14:53:02.615228,1,500000,mixed,pgm,eps=16,413.77880000072764,241232.2000018321,0.5,1.0,500,500,,,,,,4.48046875
2025-11-23T14:53:02.615228,1,500000,mixed,pgm,eps=32,261.3799000027939,109586.99999900999,0.5,0.999,499,500,,,,,,4.11773681640625
2025-11-23T14:53:02.615228,1,500000,mixed,pgm,eps=64,193.287699999928,45167.20000538044,0.5,0.999,499,500,,,,,,3.93994140625
2025-11-23T14:53:02.615228,1,500000,mixed,pgm,eps=128,205.16760000464274,23448.899999493733,0.5,0.999,499,500,,,,,,3.8758544921875
2025-11-23T14:53:02.615228,1,500000,mixed,pgm,eps=256,164.35559999808902,15227.099996991456,0.5,0.997,497,500,,,,,,3.84808349609375
2025-11-23T14:53:02.615228,1,500000,mixed,linear_adaptive,"quantile=0.99,minW=8",24.375300003157463,9473.199999774806,0.493,0.507,7,500,1944.2,1549.9013806706114,1000,507,22.255500000028405,0.00023651123046875
2025-11-23T14:53:02.615228,1,500000,mixed,linear_adaptive,"quantile=0.99,minW=16",25.843100003839936,10092.800002894364,0.493,0.507,7,500,2042.2,1648.7179487179487,1000,507,23.416200005158316,0.00023651123046875
2025-11-23T14:53:02.615228,1,500000,mixed,linear_adaptive,"quantile=0.99,minW=32",23.51759999874048,9397.600006195717,0.493,0.507,7,500,1894.0,1509.861932938856,1000,507,21.531700003833976,0.00023651123046875
2025-11-23T14:53:02.615228,1,500000,mixed,linear_adaptive,"quantile=0.995,minW=8",23.683299994445406,9306.300002208445,0.496,0.504,4,500,1869.2,1523.2142857142858,1000,504,21.697799995308742,0.00023651123046875
2025-11-23T14:53:02.615228,1,500000,mixed,linear_adaptive,"quantile=0.995,minW=16",26.360300005762838,9386.700003233273,0.496,0.504,4,500,1895.3,1522.420634920635,1000,504,24.353499997232575,0.00023651123046875
2025-11-23T14:53:02.615228,1,500000,mixed,linear_adaptive,"quantile=0.995,minW=32",24.440400004095864,9332.099994935561,0.496,0.504,4,500,1881.2,1525.0,1000,504,22.339700000884477,0.00023651123046875
2025-11-23T14:53:02.615228,1,500000,mixed,linear_adaptive,"quantile=0.999,minW=8",24.407900004007388,9348.100000352133,0.5,0.5,0,500,1886.4,1524.4,1000,500,22.32419999927515,0.00023651123046875
2025-11-23T14:53:02.615228,1,500000,mixed,linear_adaptive,"quantile=0.999,minW=16",24.708500000997446,10910.500001045875,0.5,0.5,0,500,2422.8,1739.6,1000,500,22.59500000218395,0.00023651123046875
2025-11-23T14:53:02.615228,1,500000,mixed,linear_adaptive,"quantile=0.999,minW=32",30.745399999432266,10481.29999981029,0.5,0.5,0,500,2252.1,1677.4,1000,500,28.452099999412894,0.00023651123046875
2025-11-23T14:53:05.347329,1,1000000,seq,btree,order=32,136.6794999994454,5941.1000038380735,,,,,,,,,,12.710708618164062
2025-11-23T14:53:05.347329,1,1000000,seq,btree,order=64,72.48169999365928,7110.400001693051,,,,,,,,,,10.090316772460938
2025-11-23T14:53:05.347329,1,1000000,seq,btree,order=128,56.157399994845036,9761.200002685655,,,,,,,,,,8.840621948242188
2025-11-23T14:53:05.347329,1,1000000,seq,btree,order=256,52.95059999480145,15409.800005727448,,,,,,,,,,8.230422973632812
2025-11-23T14:53:05.347329,1,1000000,seq,linear_fixed,window=64,55.373499999404885,10471.30000370089,0.5,0.5,0,500,1944.3,1921.2,1000,500,52.94770000182325,0.00023651123046875
2025-11-23T14:53:05.347329,1,1000000,seq,linear_fixed,window=128,49.973100001807325,10755.600000265986,0.5,0.5,0,500,1987.1,1922.2,1000,500,47.6898999986588,0.00023651123046875
2025-11-23T14:53:05.347329,1,1000000,seq,linear_fixed,window=256,52.17569999513216,10612.799997034017,0.5,0.5,0,500,1977.3,1848.8,1000,500,49.68910000025062,0.00023651123046875
2025-11-23T14:53:05.347329,1,1000000,seq,linear_fixed,window=512,51.55469999590423,10398.6000031,0.5,0.5,0,500,1952.4,1867.4,1000,500,49.03690000355709,0.00023651123046875
2025-11-23T14:53:05.347329,1,1000000,seq,linear_fixed,window=1024,51.3719000009587,11726.099997758865,0.5,0.5,0,500,2213.6,2056.8,1000,500,48.87639999651583,0.00023651123046875
2025-11-23T14:53:05.347329,1,1000000,seq,pgm,eps=16,300.9684999997262,2388.799999607727,0.5,0.5,0,500,,,,,,7.62969970703125
2025-11-23T14:53:05.347329,1,1000000,seq,pgm,eps=32,286.7313999959151,2233.5999965434894,0.5,0.5,0,500,,,,,,7.62969970703125
2025-11-23T14:53:05.347329,1,1000000,seq,pgm,eps=64,287.0432999989134,2654.799995070789,0.5,0.5,0,500,,,,,,7.62969970703125
2025-11-23T14:53:05.347329,1,1000000,seq,pgm,eps=128,291.92179999517975,2368.1999955442734,0.5,0.5,0,500,,,,,,7.62969970703125
2025-11-23T14:53:05.347329,1,1000000,seq,pgm,eps=256,282.93439999833936,2518.7999999616295,0.5,0.5,0,500,,,,,,7.62969970703125
2025-11-23T14:53:05.347329,1,1000000,seq,linear_adaptive,"quantile=0.99,minW=8",48.56290000316221,9550.700000545476,0.5,0.5,0,500,1717.2,1811.8,1000,500,45.07069999817759,0.00023651123046875
2025-11-23T14:53:05.347329,1,1000000,seq,linear_adaptive,"quantile=0.99,minW=16",47.740099995280616,9372.200001962483,0.5,0.5,0,500,1680.6,1715.0,1000,500,44.44439999497263,0.00023651123046875
2025-11-23T14:53:05.347329,1,1000000,seq,linear_adaptive,"quantile=0.99,minW=32",48.49810000450816,9363.5999946855,0.5,0.5,0,500,1660.9,1650.2,1000,500,45.17739999573678,0.00023651123046875
2025-11-23T14:53:05.347329,1,1000000,seq,linear_adaptive,"quantile=0.995,minW=8",49.19079999672249,9415.699998498894,0.5,0.5,0,500,1690.8,1727.6,1000,500,45.780100001138635,0.00023651123046875
2025-11-23T14:53:05.347329,1,1000000,seq,linear_adaptive,"quantile=0.995,minW=16",54.56479999702424,9439.699999347795,0.5,0.5,0,500,1785.2,1672.4,1000,500,50.91070000344189,0.00023651123046875
2025-11-23T14:53:05.347329,1,1000000,seq,linear_adaptive,"quantile=0.995,minW=32",51.30769999959739,9904.80000473326,0.5,0.5,0,500,1788.9,1747.4,1000,500,47.556599995004945,0.00023651123046875
2025-11-23T14:53:05.347329,1,1000000,seq,linear_adaptive,"quantile=0.999,minW=8",54.91510000138078,9840.999999141786,0.5,0.5,0,500,1714.8,1767.6,1000,500,51.29979999765055,0.00023651123046875
2025-11-23T14:53:05.347329,1,1000000,seq,linear_adaptive,"quantile=0.999,minW=16",56.02009999711299,9348.79999840632,0.5,0.5,0,500,1652.7,1679.0,1000,500,52.26700000639539,0.00023651123046875
2025-11-23T14:53:05.347329,1,1000000,seq,linear_adaptive,"quantile=0.999,minW=32",57.59109999780776,10130.800001206808,0.5,0.5,0,500,1848.5,1850.2,1000,500,53.5399000000325,0.00023651123046875
2025-11-23T14:53:10.384772,1,1000000,uniform,btree,order=32,148.5395999989123,6442.600002628751,,,,,,,,,,12.710708618164062
2025-11-23T14:53:10.384772,1,1000000,uniform,btree,order=64,105.56070000166073,7857.600001443643,,,,,,,,,,10.090316772460938
2025-11-23T14:53:10.384772,1,1000000,uniform,btree,order=128,58.67310000030557,9889.299995847978,,,,,,,,,,8.840621948242188
2025-11-23T14:53:10.384772,1,1000000,uniform,btree,order=256,52.16899999504676,12241.399999766145,,,,,,,,,,8.230422973632812
2025-11-23T14:53:10.384772,1,1000000,uniform,linear_fixed,window=64,61.65889999829233,12007.500001345761,0.109,0.891,391,500,2052.5,2169.6969696969695,1000,891,57.66569999832427,0.00023651123046875
2025-11-23T14:53:10.384772,1,1000000,uniform,linear_fixed,window=128,54.17930000112392,11510.199998156168,0.201,0.799,299,500,2128.6,1939.173967459324,1000,799,51.37049999757437,0.00023651123046875
2025-11-23T14:53:10.384772,1,1000000,uniform,linear_fixed,window=256,54.01459999848157,11562.600004253909,0.362,0.638,138,500,2460.7,2109.561128526646,1000,638,51.2933999998495,0.00023651123046875
2025-11-23T14:53:10.384772,1,1000000,uniform,linear_fixed,window=512,54.23549999977695,10405.599998193793,0.484,0.516,16,500,2120.5,1822.093023255814,1000,516,51.24410000280477,0.00023651123046875
2025-11-23T14:53:10.384772,1,1000000,uniform,linear_fixed,window=1024,55.20230000547599,11108.200000307988,0.5,0.5,0,500,2159.2,1971.8,1000,500,52.56319999898551,0.00023651123046875
2025-11-23T14:53:10.384772,1,1000000,uniform,pgm,eps=16,909.0722000037204,565799.3999993778,0.5,1.0,500,500,,,,,,8.94586181640625
2025-11-23T14:53:10.384772,1,1000000,uniform,pgm,eps=32,635.3414999975939,242711.09999972399,0.5,1.0,500,500,,,,,,8.20391845703125
2025-11-23T14:53:10.384772,1,1000000,uniform,pgm,eps=64,442.6740000053542,98931.00000044795,0.5,1.0,500,500,,,,,,7.89154052734375
2025-11-23T14:53:10.384772,1,1000000,uniform,pgm,eps=128,350.51319999911357,44365.299996570684,0.5,0.998,498,500,,,,,,7.7481689453125
2025-11-23T14:53:10.384772,1,1000000,uniform,pgm,eps=256,321.71219999872847,23492.699998314492,0.5,0.998,498,500,,,,,,7.68255615234375
2025-11-23T14:53:10.384772,1,1000000,uniform,linear_adaptive,"quantile=0.99,minW=8",47.49710000032792,11180.59999862453,0.497,0.503,3,500,2215.3,1888.0715705765408,1000,503,43.6766000057105,0.00023651123046875
2025-11-23T14:53:10.384772,1,1000000,uniform,linear_adaptive,"quantile=0.99,minW=16",51.27319999883184,9738.099994137883,0.497,0.503,3,500,1934.9,1633.399602385686,1000,503,47.911200002999976,0.00023651123046875
2025-11-23T14:53:10.384772,1,1000000,uniform,linear_adaptive,"quantile=0.99,minW=32",61.47140000393847,12732.199997117277,0.497,0.503,3,500,2536.3,2171.5705765407556,1000,503,56.96919999900274,0.00023651123046875
2025-11-23T14:53:10.384772,1,1000000,uniform,linear_adaptive,"quantile=0.995,minW=8",50.10970000148518,10197.700001299381,0.499,0.501,1,500,1993.4,1733.3333333333333,1000,501,46.22730000119191,0.00023651123046875
2025-11-23T14:53:10.384772,1,1000000,uniform,linear_adaptive,"quantile=0.995,minW=16",51.95909999747528,9715.399995911866,0.499,0.501,1,500,1871.2,1669.4610778443114,1000,501,48.59980000037467,0.00023651123046875
2025-11-23T14:53:10.384772,1,1000000,uniform,linear_adaptive,"quantile=0.995,minW=32",49.14489999646321,10045.699993497692,0.499,0.501,1,500,1949.5,1701.197604790419,1000,501,45.748600001388695,0.00023651123046875
2025-11-23T14:53:10.384772,1,1000000,uniform,linear_adaptive,"quantile=0.999,minW=8",52.62930000026245,10479.299999133218,0.5,0.5,0,500,2139.8,1738.4,1000,500,48.557900001469534,0.00023651123046875
2025-11-23T14:53:10.384772,1,1000000,uniform,linear_adaptive,"quantile=0.999,minW=16",53.72519999946235,9748.59999405453,0.5,0.5,0,500,1904.7,1710.0,1000,500,49.687400001857895,0.00023651123046875
2025-11-23T14:53:10.384772,1,1000000,uniform,linear_adaptive,"quantile=0.999,minW=32",56.04549999407027,13780.299996142276,0.5,0.5,0,500,2646.0,2631.8,1000,500,50.356199993984774,0.00023651123046875
2025-11-23T14:53:15.813153,1,1000000,mixed,btree,order=32,158.06960000190884,9467.39999926649,,,,,,,,,,12.710708618164062
2025-11-23T14:53:15.813153,1,1000000,mixed,btree,order=64,105.93079999671318,7622.999997693114,,,,,,,,,,10.090316772460938
2025-11-23T14:53:15.813153,1,1000000,mixed,btree,order=128,55.162200005725026,12493.300004280172,,,,,,,,,,8.840621948242188
2025-11-23T14:53:15.813153,1,1000000,mixed,btree,order=256,51.01420000573853,11285.799999313895,,,,,,,,,,8.230422973632812
2025-11-23T14:53:15.813153,1,1000000,mixed,linear_fixed,window=64,53.50729999918258,16526.599996723235,0.0,1.0,500,500,2823.9,2573.0,1000,1000,50.7106999939424,0.00023651123046875
2025-11-23T14:53:15.813153,1,1000000,mixed,linear_fixed,window=128,56.63459999777842,12819.099996704608,0.0,1.0,500,500,2232.2,2212.1,1000,1000,53.67410000326345,0.00023651123046875
2025-11-23T14:53:15.813153,1,1000000,mixed,linear_fixed,window=256,56.90850000246428,14439.10000671167,0.0,1.0,500,500,2509.5,2341.5,1000,1000,53.94630000228062,0.00023651123046875
2025-11-23T14:53:15.813153,1,1000000,mixed,linear_fixed,window=512,52.73959999612998,12391.899996146094,0.001,0.999,499,500,2052.9,2103.703703703704,1000,999,50.25190000014845,0.00023651123046875
2025-11-23T14:53:15.813153,1,1000000,mixed,linear_fixed,window=1024,56.25720000534784,11996.900000667665,0.006,0.994,494,500,2041.5,1997.38430583501,1000,994,53.34470000525471,0.00023651123046875
2025-11-23T14:53:15.813153,1,1000000,mixed,pgm,eps=16,1038.9158999969368,554110.7999961241,0.5,1.0,500,500,,,,,,8.936279296875
2025-11-23T14:53:15.813153,1,1000000,mixed,pgm,eps=32,660.1766000021598,249325.0999978045,0.5,1.0,500,500,,,,,,8.2244873046875
2025-11-23T14:53:15.813153,1,1000000,mixed,pgm,eps=64,478.6026000001584,113020.70000238018,0.5,1.0,500,500,,,,,,7.9005126953125
2025-11-23T14:53:15.813153,1,1000000,mixed,pgm,eps=128,387.23830000526505,50707.299997156944,0.5,1.0,500,500,,,,,,7.7467041015625
2025-11-23T14:53:15.813153,1,1000000,mixed,pgm,eps=256,375.08710000111023,41925.89999729535,0.5,1.0,500,500,,,,,,7.69915771484375
2025-11-23T14:53:15.813153,1,1000000,mixed,linear_adaptive,"quantile=0.99,minW=8",64.33310000284109,12482.000005547889,0.493,0.507,7,500,2804.1,2059.3688362919133,1000,507,59.44730000192067,0.00023651123046875
2025-11-23T14:53:15.813153,1,1000000,mixed,linear_adaptive,"quantile=0.99,minW=16",51.476099994033575,10816.900001373142,0.493,0.507,7,500,2594.0,1773.3727810650887,1000,507,47.78140000416897,0.00023651123046875
2025-11-23T14:53:15.813153,1,1000000,mixed,linear_adaptive,"quantile=0.99,minW=32",51.80069999914849,12460.30000038445,0.493,0.507,7,500,2934.0,1978.8954635108482,1000,507,48.385500005679205,0.00023651123046875
2025-11-23T14:53:15.813153,1,1000000,mixed,linear_adaptive,"quantile=0.995,minW=8",55.47389999992447,10029.899996879976,0.497,0.503,3,500,2191.5,1677.534791252485,1000,503,51.680900003702845,0.00023651123046875
2025-11-23T14:53:15.813153,1,1000000,mixed,linear_adaptive,"quantile=0.995,minW=16",55.230899997695815,14885.299999150448,0.497,0.503,3,500,3232.3,2417.8926441351887,1000,503,51.28520000289427,0.00023651123046875
2025-11-23T14:53:15.813153,1,1000000,mixed,linear_adaptive,"quantile=0.995,minW=32",66.68319999880623,13492.799997038674,0.497,0.503,3,500,3193.8,2097.216699801193,1000,503,61.862700000347104,0.00023651123046875
2025-11-23T14:53:15.813153,1,1000000,mixed,linear_adaptive,"quantile=0.999,minW=8",54.23039999732282,12611.600002855994,0.5,0.5,0,500,2704.9,2218.0,1000,500,50.14340000343509,0.00023651123046875
2025-11-23T14:53:15.813153,1,1000000,mixed,linear_adaptive,"quantile=0.999,minW=16",54.610999999567866,12318.199995206669,0.5,0.5,0,500,2689.9,1994.6,1000,500,50.74620000232244,0.00023651123046875
2025-11-23T14:53:15.813153,1,1000000,mixed,linear_adaptive,"quantile=0.999,minW=32",55.504000003566034,12588.300000061281,0.5,0.5,0,500,2847.7,2164.4,1000,500,51.649300003191456,0.00023651123046875
